transportation_mode,commute_distance_km,flights_per_year,diet_type,meat_consumption_kg_per_month,electricity_usage_kwh,gas_usage_therms,water_usage_gallons,recycling_percentage,new_clothes_per_month,car_type,monthly_carbon_footprint_kg
Car,9.256646441930982,1,Vegetarian,15.069512108929612,879.0805327354587,154.44805517865532,834.1108669874559,1.4079663282890675,9.240778052942694,Diesel,2047.7694363338783
Walk,27.095047368917907,2,Vegan,2.6494131268385313,317.2147334537499,94.64263737687975,966.9861888563331,0.6957587303291213,6.7041551465895655,Hybrid,1220.6971374681539
Public Transport,43.647291793820415,3,Vegetarian,10.938310275862484,170.68261851351883,123.54538481235886,4158.177824272717,24.012662045151988,9.312666274013377,None,2440.033689122728
Public Transport,36.61124432047806,1,Meat-based,10.924952002617019,420.76426226469823,91.26518476447971,674.9316365751018,10.080719713908525,3.978785874773685,Petrol,1498.90889512484
Car,40.328057393072484,0,Meat-based,1.7894624562077444,772.88664210848,178.8182738515691,3465.2425727063423,26.021136793575362,9.530161760404427,Hybrid,3072.064576834003
Car,32.93916833553587,1,Meat-based,8.359681710138272,595.6214902253151,99.57383610286384,1726.5098696693024,17.70432945283974,7.027828771659749,Petrol,2121.914362353874
Car,34.613828225892625,2,Meat-based,17.065695971344038,835.1140326169127,168.36174180576378,4421.95556318657,2.852002483864824,0.420057674188119,Diesel,3851.7161042622924
Bike,42.459782578265965,1,Meat-based,17.123072439893207,963.6329328483106,160.27041165404972,2682.465280598748,90.93041464060494,9.068728318190528,None,3224.1375309030545
Public Transport,12.483400442959297,4,Meat-based,1.98475329839362,813.3962290764554,82.10096426967131,1875.0940669752158,0.8223131388891525,4.844728090331926,None,2033.1303582248456
Public Transport,24.471248182157023,1,Meat-based,1.814417654956617,643.422770959378,46.01689837149501,2829.3752106024554,73.60821443370854,4.6032698477783285,Petrol,1954.3499858151058
Car,11.060472090980111,3,Meat-based,5.2539095400387055,544.0074292471425,81.2164265119542,2218.81108570371,15.214788691951654,5.6646660597963425,Hybrid,1980.841058656094
Walk,49.38340039983235,1,Vegetarian,17.49532125107987,136.06217771344,165.24347515504402,3039.354791014236,91.22296219996,1.4938454677122792,None,2096.4396128904245
Bike,47.202966984330665,3,Vegan,2.578051701469979,985.8897809326371,45.52650716387847,1015.397907468567,89.27959395898858,4.691660485673986,Diesel,1588.9131253343933
Car,1.971340568425295,0,Meat-based,14.399936052548926,445.13301031753826,104.88726917154987,4986.4572626564795,65.39011463692573,8.311272167177457,Petrol,3163.5435699677446
Car,35.27875862578442,1,Vegetarian,2.0233123922620644,237.00539252518013,161.21934959214948,2415.0014496352287,67.22341498006051,0.15482459137515336,Petrol,2094.3161375292993
Car,46.26241587078329,2,Vegetarian,12.462757074956507,700.0379698568111,70.69549502567575,2067.037878683159,0.5339141969688543,2.7291716032437128,Diesel,1984.8908477091845
Car,9.028767256366677,1,Meat-based,7.121345982382897,355.8594601859134,128.44192740053947,3695.944317423192,98.4871566113602,0.0245458644384422,Petrol,2559.574574794449
Public Transport,28.397261527631475,2,Meat-based,15.77827925931734,627.2004438379429,49.1263148097629,2137.547329228996,87.78326035758144,4.157113091498483,None,2110.984416392897
Public Transport,45.774414879402094,2,Meat-based,4.673808976507273,628.0911170601321,21.855889073631985,4249.734372629409,89.5106225730092,7.283155104937347,Diesel,2445.399464620476
Car,1.697298929289942,2,Vegetarian,12.784036587799196,501.15683881258224,158.87684501857126,2544.2182596219136,65.92445370508719,7.987718291146285,None,2295.8823690565164
Public Transport,34.871013362342,4,Meat-based,4.713650691517699,852.5067539905384,19.793724681741367,3738.012859694457,34.47869286545365,9.451897611270066,Diesel,2515.5111965260294
Car,14.867450368627539,2,Meat-based,14.273205662243075,338.4703553998987,54.27627901591692,983.5394739884895,89.36486490904808,6.085046129707865,Petrol,1476.501010772422
Car,46.21980976882652,3,Meat-based,17.473560691214974,503.76933245596075,171.02188439948802,4307.536334998003,29.151692815119233,2.5462686665289547,None,3438.179736982117
Car,48.552912258268385,2,Meat-based,2.536035982535201,583.9229157318744,69.29385741573344,3810.7309405014944,56.271154334220284,9.24147949136699,Diesel,2592.7849157608007
Public Transport,47.213324455671696,1,Meat-based,17.33191377191007,697.2622486905697,194.60906990283223,1452.7255030788456,9.97309723438824,7.753157538803761,Petrol,2777.0403740165475
Bike,23.71071083287319,2,Meat-based,11.871505088285959,805.5746654550305,195.94686695477193,1153.7870438560399,92.19556301327502,5.744284830031445,Diesel,2587.583235037023
Car,43.10213254946567,4,Meat-based,2.5422098173404795,455.3265545904305,53.65520409071134,1923.3155692653097,14.077045777121333,6.95640215718936,Petrol,1767.6008600518373
Public Transport,42.22746992675352,2,Vegetarian,8.55083710719424,681.4422496869364,8.19564444997809,4892.317637143569,22.489680573040726,9.243163550074291,None,2537.320767155414
Public Transport,15.955023662162782,0,Meat-based,3.217205869701958,235.54985776166723,141.01265684107582,1655.742085551764,55.813415812821496,7.123940284729216,Petrol,1700.7019920699938
Car,41.44577370753387,3,Meat-based,14.00695777733139,939.3832904882307,90.19730052966875,2552.57244025985,76.40930002129815,3.68374507584734,None,2705.9874217160555
Public Transport,1.850381735774631,0,Meat-based,15.177362688358993,444.7529257789032,20.15056879191526,635.0910157280134,61.93513059362989,7.130282022890967,Hybrid,1200.9760010495677
Car,29.81349392410265,5,Meat-based,2.115930405455979,756.5692797787946,141.50456379560856,2287.5238830480466,23.213391280015617,0.4027816273538787,Petrol,2547.729844076339
Car,11.500441864385152,2,Meat-based,10.122797053892887,118.30697369395989,6.234981822384245,3070.9400694489623,0.09430425274903342,3.864155618305812,None,1566.4557379737614
Walk,6.0283442888639405,3,Vegetarian,16.292501120518345,284.66842861432633,174.03933809844844,4789.060756285843,75.71505803074392,4.063230318455792,None,2956.289631676283
Walk,3.847660081460458,2,Meat-based,18.723260831019928,538.3742898912202,27.730505822660746,2825.31220223029,98.52073259110938,1.6683823442083467,Petrol,2193.8922112634064
Bike,34.81443879390699,5,Vegetarian,10.270357334835401,890.4272209591119,25.462375749345,4185.982967799595,80.99131203060904,0.23085480551770177,Petrol,2529.5758694536817
Car,16.993748188403305,2,Meat-based,19.00558447222814,574.5296349556095,35.134459593716905,2962.0743915600524,46.02066181566153,1.3338123663774282,Petrol,2392.8091519499826
Car,36.238338576438075,2,Vegetarian,10.713779409120596,936.8834340644911,192.0532716984133,683.5325604598315,90.37672613991066,6.546214957970551,Diesel,2336.2827356765156
Public Transport,3.2678170399471185,1,Vegan,7.883809891998159,535.4172069245167,138.6338720507692,1917.5372383539832,40.984767311835,8.022888163636875,None,1972.9234530811698
Public Transport,15.764516891530517,1,Meat-based,16.96406257105791,541.4041870623549,160.27430709272735,3089.9727852399647,52.493408424346754,9.882034927269741,None,2995.496018933793
Car,26.974564618766863,6,Meat-based,9.859654209161782,207.77210965047868,79.5269971465506,4777.6728466900595,47.712976739568326,3.4636350310849426,Diesel,2808.6213322874833
Public Transport,39.53615824194818,1,Meat-based,9.438050211290461,822.3906197369978,67.26254550099111,4366.08661888055,44.762387266552494,5.993792222611018,None,3006.296284620813
Car,15.937625146603496,2,Vegetarian,9.806249788196567,322.26887122035623,46.896801356633986,1527.6002638048144,77.51907692939058,9.37144966815122,Petrol,1255.9641271404964
Walk,31.294568821850454,0,Meat-based,16.93570003739491,909.6512404350835,96.1296056624818,1490.4942350862357,52.676890726949196,1.6704178133815262,Hybrid,2343.135482540259
Car,44.29888741180935,4,Vegetarian,16.63883083376104,919.7417982973565,110.3657467068337,1405.2783520125536,31.671712202521608,7.176455863427426,Diesel,2221.0502735865202
Public Transport,30.79315940911523,2,Meat-based,8.070399848804223,948.9791006867347,126.35496873055108,4651.245033361264,25.81581676584783,7.549787331491632,None,3523.7231343519416
Car,11.647973737681689,3,Meat-based,6.6659971974105,568.207440192781,51.4237007997389,4336.997688957743,3.7747316967433386,0.8897553586933837,None,2573.888227081736
Public Transport,1.220039077826901,3,Meat-based,9.838560480782586,709.3844063052799,189.73081618059814,3986.9754451382696,58.3195161883046,8.612493851830651,Diesel,3446.9715641013177
Public Transport,43.50494369504649,3,Vegetarian,11.45545019474218,800.6642920554972,33.95169964142717,2267.308014009024,22.99614154010342,8.131050471108438,Diesel,1881.1748240741097
Car,1.063470542519357,2,Meat-based,4.766744212559939,217.91315678541903,193.13063495328245,2769.7131693444508,14.813392201638308,0.33403006577434446,None,2377.487220422773
Walk,43.73508363420997,1,Vegan,15.879101694311812,640.8614754977475,2.9712245015007577,2589.4928515781876,65.38299638276777,0.9108441488005148,Petrol,1536.5969273880714
Bike,26.4468567013606,2,Meat-based,9.729655314648458,130.8681111729805,96.22513836336913,1640.2914840171768,68.12092578215488,0.4912689389185232,Petrol,1518.9865479194787
Walk,46.95338492564481,3,Vegetarian,6.680910968399192,547.8094750498533,66.67356762331255,2772.626207669451,75.21548922576659,3.3474353179936225,None,1919.7378558223897
Bike,39.93916178868327,3,Meat-based,2.1364198592798123,239.35841345820467,89.82468278605016,637.234465337395,50.357689633859145,5.092889906799262,None,1081.7086647656793
Public Transport,49.89670552666687,3,Vegan,4.776903208072138,264.63063336587624,114.1329157961578,1093.1466807385664,89.40546052038866,5.323477279546288,Petrol,1372.1989371419825
Walk,17.535590772585508,2,Meat-based,18.985623435119674,428.54281002334136,87.11783160254181,4489.653182760259,93.63427533982278,2.6766675976944265,Petrol,3002.657622503343
Car,38.35941444655634,3,Meat-based,6.101993736390532,489.1934500448527,82.969370060319,3882.5589516414047,80.73709397924894,9.115968865602742,Petrol,2701.3602472653724
Car,20.096545680462107,2,Meat-based,3.3771857873407063,660.8551820789685,146.54468308266132,2402.9078407658917,63.55934820081872,3.682627898719132,Hybrid,2426.581014622675
Car,23.99378101519544,0,Vegan,9.213455833099864,166.9855765946641,137.17525501729293,2827.1766302774477,30.372095359118866,0.455501559653525,None,1870.0893143357189
Car,31.375273160918503,4,Meat-based,6.141754867204973,553.3225851137001,166.65425640716958,2164.9949868198983,98.29449216202212,3.0022711154138637,Petrol,2555.842519445594
Car,43.68385570931694,3,Meat-based,0.7031850054238831,264.362617227791,49.99179624789911,3833.509402223026,27.413616719193833,5.311094225441555,None,1973.896422131456
Car,49.20417345996476,2,Meat-based,6.4629043455883455,616.5776575285677,121.90570195081271,4028.842306544358,20.265692199043105,4.08221822588232,Petrol,3082.8018210864325
Bike,38.41367069322591,3,Vegetarian,10.882172478789371,673.6641510350652,117.03895707857077,3934.783355914216,44.215411378658274,2.738425190992592,Diesel,2704.279681503313
Car,20.888339108366687,2,Meat-based,11.034247440399339,601.0383308975685,73.94756217453775,3751.752761755023,5.684057071238846,1.3132324976431742,Electric,2638.355998195699
Car,21.06785011385351,1,Meat-based,7.131178423537774,764.4659594304769,97.21150838053619,1420.269524117581,97.84944646717908,8.191645000962298,None,1984.5660372208833
Public Transport,36.879115079444574,4,Vegan,8.946055125052013,402.0483198168112,62.75642866114575,2020.8649065821546,58.84335564164248,9.961452421241919,Diesel,1591.7279961759127
Car,11.938857288415116,3,Vegetarian,19.31035836469533,788.5959324698177,28.36887952339704,2614.3044574265373,55.69520916641753,3.295421335238821,Diesel,1922.5937545917295
Bike,5.523705656569733,4,Meat-based,7.546969544606233,489.4903735373743,42.760242132546566,1988.5684614244503,65.57962798997198,3.816210441766039,Hybrid,1691.6039102275965
Car,17.731107882038827,1,Vegetarian,5.16453626519966,535.7660484903372,21.10272928024022,3897.2309007124804,49.70236477772067,6.180375246769571,Petrol,2109.7851084536487
Walk,14.361949582704087,2,Vegetarian,4.869340881335202,683.2919145349642,136.61391503802483,1982.090859124796,3.2063517094541583,7.184414747355413,Hybrid,2146.0190580347894
Bike,14.815406022799504,1,Meat-based,9.155292254082683,116.52254559930157,132.1454786218303,1122.044390534017,61.23112888403968,3.9202953480359124,Petrol,1501.5700533746258
Car,11.680387552495496,2,Meat-based,15.19040297433888,688.5947992782235,190.12127431597457,2295.6820342173683,71.61738769564306,9.049295169818151,Diesel,3004.8984225100116
Car,2.104659481818094,1,Vegan,4.119763683769464,656.7266341649039,145.93568272944825,4909.614947520711,41.67490606240531,5.600039892289184,Diesel,3156.450454686775
Bike,0.8936967366706905,1,Meat-based,14.185922542815362,378.8624050779519,10.409167751226288,1516.4663582010915,75.72955720711929,4.50390076405931,Diesel,1375.594866819442
Public Transport,49.386119486801576,5,Vegetarian,0.4229964669883257,177.21485640954052,176.84903478579085,3254.7139652445308,22.70012993384206,6.466727531599052,Diesel,2445.867102392428
Public Transport,21.388656686793116,0,Vegan,8.37865955967892,181.841904921737,172.53503258914515,2448.3787242786784,22.127659106618403,9.528038482491732,Petrol,2020.5688994190684
Bike,19.216332357984083,2,Vegan,15.517301304055737,930.9013722867057,88.66406415453973,819.6105544219698,16.141698768757394,7.945522944217055,Petrol,1705.9609162563727
Car,33.982364134653494,4,Meat-based,6.774659115488628,720.3513891032534,117.17261010558431,2695.4447269912675,37.19947597891618,0.4001313053512434,Hybrid,2574.0170204058977
Car,10.912694393253208,2,Vegetarian,11.274742028907989,214.39235239366636,195.21566649450378,3659.739478917406,84.70120353890836,3.3230991073995964,None,2584.38593858844
Car,47.49805919751127,0,Vegan,4.099584656518216,421.0508523780157,106.46087276963326,2809.4898912251842,82.79120621490644,4.705446849512227,Diesel,2127.150849969119
Bike,39.3172507207776,5,Meat-based,14.839907822523447,633.2346945114368,181.06436567521794,4424.477286859615,38.28242079635038,3.145175722091053,Petrol,3622.2132462252894
Public Transport,4.470550115612975,2,Meat-based,1.0455820653751924,852.0145345815838,16.607751562037286,1800.216574959122,58.911873598023654,7.001875608304565,Petrol,1629.309547355962
Car,20.87903878924642,4,Vegetarian,17.05085289751001,139.29483584170768,38.21037374173657,888.1212708678422,72.08163164749156,8.262691498625811,None,786.1466845314887
Car,43.95591537810824,3,Meat-based,3.963927728433363,312.969818323008,88.15098868826357,4714.545252461027,24.1206774628023,7.313450951852715,None,2633.2300677944177
Car,47.23660111457051,1,Vegan,17.487960634166615,900.774091265842,116.95136166746094,2201.8835728769855,16.814108589474706,9.893332868282753,Diesel,2476.3322470572393
Car,23.370075562493486,2,Meat-based,7.050584826010347,108.24899516543483,163.24557037256005,3093.82498154135,97.2095993212311,2.725476478930291,Petrol,2396.3815649251364
Public Transport,30.670569460535386,5,Meat-based,14.453671489489732,281.25919251449864,197.65242302863737,4064.014067585882,61.75573132096185,8.749894950244215,Petrol,3316.699926996833
Public Transport,8.35169730460376,1,Meat-based,6.384505955723769,963.1217583756694,77.77029929482329,1959.4114874401125,98.14157218336639,7.666226651744862,None,2238.296214564381
Bike,49.558431306848824,1,Vegetarian,18.118233424692953,652.061661869954,9.483127228016986,3722.7404217992503,33.77559871322291,3.621787575581461,None,2010.04664895
Public Transport,11.58358506917217,1,Vegetarian,2.532742510367487,335.5042299737558,160.23430065906496,1109.3848241802261,70.30316999741315,7.341245436569687,Petrol,1632.833098259293
Car,47.136588706756285,3,Vegetarian,3.570395785451974,160.29198495626284,120.87614381656162,1810.8218624247738,22.260363654123772,1.0407595641824696,None,1503.403149017471
Public Transport,32.482332449618426,2,Meat-based,9.860602503176047,125.37220640249994,39.70857177364033,1151.1978626143396,26.120017127391293,7.893334823405524,None,1128.4830338892464
Bike,30.386839743942957,1,Vegan,1.6387687807629225,320.27057167323454,98.96569132428404,4150.53751280611,51.1902121269624,5.323306025871027,Petrol,2325.432497561349
Public Transport,25.63442555082543,0,Meat-based,3.9196036940352386,893.3372376300194,148.46204910674487,1501.9215585205343,31.961812550807124,2.9229017270925315,Petrol,2291.2937711307463
Bike,11.533490585887934,1,Meat-based,18.875327644240286,474.3222888677585,154.08235741372874,3728.3159993234462,16.762156384058446,6.557773017841802,Petrol,3145.2922699022806
Public Transport,8.826401600275414,0,Meat-based,19.529793222957743,748.3000322493937,99.9236823997524,4744.842787605437,26.2880701989326,6.41619998714409,Hybrid,3463.9099789479837
Public Transport,11.024310453508768,3,Meat-based,7.525186586608439,926.456531841962,61.04290602577183,2874.9749408099465,3.574839446586464,2.094862227195997,None,2483.729148101732
Public Transport,9.321913107212726,2,Meat-based,18.465720420278714,467.23641544253496,194.7485164076987,2930.1313651730948,70.44236214774867,0.30397414811526136,Petrol,3041.952425895101
Car,38.97922367833767,0,Meat-based,10.896493513468634,272.14963393365736,132.67252219129858,2574.651056440154,49.21166570858616,4.336225869016738,None,2184.3111596674175
Car,17.506262958336507,1,Vegetarian,5.394849317475341,565.4061377712276,81.64750386925974,1966.5056452713923,9.424306640452562,5.695118693444212,None,1710.5958172406617
Car,2.8921338281698183,3,Meat-based,14.047974421611972,917.275318353869,56.09264484093048,2640.447639162127,17.16939931284912,8.766052783705984,Hybrid,2584.4594466142557
Public Transport,48.45513150704057,2,Meat-based,13.178036131497144,823.9369727239306,146.22059660071244,3212.6338952004176,10.253453811264402,9.282167956475945,Petrol,3177.0367234406453
Car,44.18929424817129,1,Meat-based,19.782506382174667,159.24685902683842,48.43668911875354,4936.962074767967,61.259280827587645,5.288052181567664,None,2725.2008387925102
Public Transport,46.387614159760645,3,Meat-based,5.300945748185666,723.3155200698236,34.34199779473764,4719.940516932009,9.42103636124938,7.538034837685449,None,2814.5071109449887
Walk,49.745391132321764,4,Vegetarian,13.441190053234708,614.7077702130583,105.96677779241406,4379.688312319047,75.42823330352161,4.393032723279969,None,2775.570838233794
Car,8.694762460974365,0,Vegetarian,1.0404751005889379,916.716858711783,57.997478528828374,4501.087410671862,2.0510919320391174,7.46082156572893,Petrol,2821.5182671952475
Public Transport,19.812100945132936,1,Meat-based,2.272920773934388,210.23327516526751,125.78102898472301,2605.3213248141933,24.93757879958921,2.0480152493916695,Petrol,1897.4027526359723
Bike,37.911923785204564,1,Vegan,0.07836749902186524,580.632501884191,23.587734974846697,3458.4994722985916,89.06666758919071,3.710647348035314,Diesel,1905.8704806508956
Car,34.80103090268961,2,Meat-based,19.989213621193464,891.5164241607031,130.98822091346432,4527.800253212963,71.8531318122246,6.3422799881361485,None,3729.540361908447
Car,7.694795316992753,2,Meat-based,16.045473942949556,469.0214080675687,56.659305599540446,2268.278442461089,7.296833292568772,0.1815796560707883,Petrol,2050.7466168570154
Car,40.79165624953089,0,Meat-based,15.734460294670816,533.7954259595804,0.04858688690254631,4827.93115255461,82.11261044851797,7.22461310338954,None,2656.1153136791772
Car,11.222028591833034,2,Meat-based,10.194521505763595,163.41460990026246,25.387211534835274,2371.037279311324,49.30351215402048,8.355355012681668,Petrol,1539.7173932727942
Walk,11.190880741131155,0,Vegetarian,6.001341658108799,350.32927640401977,186.7230755670188,3204.87199426947,84.67830271688292,3.991416610939514,None,2462.857631269283
Bike,26.84872114467068,4,Vegetarian,3.0252856892535185,392.0559842520526,173.47092782307158,3694.121209725674,60.07397744503934,4.479424171771643,Diesel,2692.0239610931408
Public Transport,29.646996742085157,1,Meat-based,5.693494776929273,950.6102038703982,46.72180640724737,4777.664058841722,68.18330320328587,8.51282212216531,Petrol,3060.029212183089
Bike,29.00431039189056,5,Meat-based,7.519424438582782,354.40062448704316,155.67438090909823,1600.7732332351973,99.35015603957082,7.756546353260334,Diesel,2070.505611551184
Bike,4.574341869887744,1,Meat-based,15.126201939605881,514.7818617426867,121.71431863479485,3857.58940207389,23.233554592401816,2.88149489033375,Petrol,2927.5423187880365
Car,43.87304313151902,1,Vegan,10.793235778063048,704.1739812078517,194.1809422899739,2843.6701376483697,62.394557476138836,3.2397610656153897,Petrol,2898.44322383342
Bike,13.280002129435303,0,Vegan,1.5496725311096538,245.96503516708964,74.72113190681182,1708.5071327928847,46.032139005739836,6.788782323905966,Hybrid,1257.8069140356683
Public Transport,6.475746064140209,1,Meat-based,0.3605801791782448,537.798148427687,136.29212250343426,3994.7307790837576,3.9451952922691436,5.631980924481612,Hybrid,2698.6157910229645
Bike,44.43740399344886,2,Meat-based,2.046643590681263,764.6851355283169,12.707144484783717,2985.0002607823094,1.4470641502865034,1.6222957109649694,Petrol,1934.877759696077
Bike,47.78257491148767,0,Meat-based,8.209974273947587,880.1696917243594,79.2494693632812,3474.382192923541,11.922857781785867,3.0992990922916643,None,2699.518320894294
Car,43.106380863272534,3,Vegan,18.663858340980365,663.633347196184,192.7635322376361,1953.0548086005547,64.90917405385481,8.999832768786542,Diesel,2590.480314181193
Car,40.475803736243904,4,Meat-based,12.748049624184432,702.1481637852531,107.7961748900241,2665.7327832242227,56.71630879133922,6.881744367222634,Hybrid,2713.131035546321
Car,32.76209903195109,2,Meat-based,16.036517997510302,213.65512532611206,57.57590066696891,3278.094129446302,55.34295611637275,9.859743176855195,None,2191.7045514666734
Public Transport,27.542868530456964,5,Meat-based,9.327491890090972,951.1988475217124,24.05419262572137,2322.098664214298,3.1856762528260085,7.670125299807694,Diesel,2261.1483978444912
Bike,4.349337995570507,2,Vegetarian,7.233321663900856,219.3166697360341,140.7056680363061,1392.676429314656,46.930299636000704,9.419744321435902,None,1544.1828013192003
Bike,20.422660653534937,3,Meat-based,2.1680074543324546,797.2056434636185,128.97120868594536,4827.382215418868,92.46228178425285,2.161885738704754,Diesel,3245.5222060400756
Car,18.6344258506157,1,Meat-based,17.518660443724098,338.33468960048697,74.78774272075492,2801.6039301917785,39.75918693106466,7.714848748169257,Petrol,2318.9299053142195
Public Transport,12.98768918801631,2,Meat-based,15.663200580558057,940.2338293311265,190.18827037316686,3802.641666294652,62.492246978845635,0.2021752014779743,Petrol,3686.658103913414
Public Transport,36.17100568442925,0,Meat-based,3.3623619519545023,747.9635854325315,4.4405625975700636,2349.7123710022615,77.98186756231435,6.707600217115339,Diesel,1707.9376945478896
Car,24.79378675393854,3,Meat-based,10.245211277525211,778.4323416805321,60.74477032636516,2098.0929381157234,78.39252791418876,4.6928227812024135,Electric,2173.427189041035
Car,4.052310795382397,1,Meat-based,9.747496158424898,297.153255753895,184.21389725991628,2332.2393431020623,51.92800823952714,3.4676007192006866,Electric,2382.573070111388
Car,11.009160097490566,3,Meat-based,12.501831053730573,498.7359789716447,64.18708766388808,2341.384897035424,85.79519454023364,8.62404352293089,Hybrid,2100.9074346548723
Walk,34.162938182979794,3,Vegetarian,18.923737879825225,656.0318751303578,50.450566771034076,2948.810521738791,39.137809336374694,8.542676926575307,Petrol,2033.7784103432498
Car,3.8065429745150094,1,Vegetarian,11.595428835249592,792.9762563859408,106.84408198624946,2945.614414916134,88.86932147847983,0.22301704898643582,Petrol,2372.5570538133998
Public Transport,42.56034570243843,3,Vegetarian,10.804345335572371,193.5634383211506,164.7603499841076,2737.1921714729224,24.02271663955453,6.09505122449431,Petrol,2160.528662999197
Public Transport,24.757326350698715,0,Meat-based,1.0064586586932789,966.1287848090756,20.62935217567221,1106.5360321284716,28.021640699057105,3.678322243209564,Hybrid,1470.728095590748
Car,24.0293288663324,1,Meat-based,1.2581495203604787,901.1986034991004,188.60414192914723,2732.3396532523902,5.31206241990011,4.156610015004492,Diesel,2971.0699914484753
Walk,29.62038923297588,0,Meat-based,3.7469358265357777,343.31373144602594,159.0145762362328,1260.9675518929316,79.55818365422829,8.320407392187759,Diesel,1760.2163208808324
Walk,41.234048296257455,2,Vegetarian,0.6494154338349656,840.4842187290988,36.25005111031039,1067.6110383309433,41.70552362327056,3.098397715276783,Petrol,1409.5406284361125
Car,17.390460395109653,1,Vegetarian,14.867057911400249,566.491530735841,142.40159223963252,4696.9057280352545,22.911661391139905,9.4304881063762,Electric,3032.0904952637056
Public Transport,33.90080762795318,4,Meat-based,14.466606079879263,515.6258334058168,76.99174452751143,3222.275059164669,23.179027761657967,1.7963382637214076,Hybrid,2541.521936772436
Car,28.28659819978955,3,Meat-based,2.721124688632859,382.99069523026486,80.45893561526374,3467.7052615606294,90.13999412292331,6.627224233681778,Petrol,2295.985951348827
Car,13.351413508471065,1,Vegetarian,16.721578015905617,622.8717279684332,156.6580184877733,2308.071516500137,83.3916600461037,6.721050670137647,Petrol,2335.4075095880835
Car,43.9314993177579,1,Meat-based,3.0957206969222395,756.900205933238,192.55696159614644,4590.414013616889,55.35308853571833,2.521951614279182,Petrol,3636.156143995622
Public Transport,39.871301080346406,4,Vegan,6.0235117399471765,469.83961446648243,25.331174569438787,3370.6872031084945,61.61108004157211,3.2475060896720196,Diesel,1888.9204356543044
Public Transport,32.922591732921276,1,Vegetarian,4.9795379832273,666.2972737074629,84.12604737576387,3961.2644128561437,47.4325570550291,8.347984925799404,Diesel,2562.726442978527
Car,42.52908645471209,1,Meat-based,7.446141971460955,729.3816290397733,96.1883216168607,2158.5311106247123,39.16665428788089,7.618052549549525,Petrol,2393.9703231229437
Car,43.364710047990116,1,Vegetarian,5.093275317799238,740.0096353137573,75.26236339099952,4820.053463686065,91.54768812183315,3.2909588031475954,Petrol,2993.4185501853294
Walk,35.41814883575174,3,Meat-based,9.779018528769042,146.76948831806223,72.637824743245,4192.075805712418,12.561270352030206,5.339565469349338,Diesel,2356.6145163284255
Car,41.8506664181836,1,Vegetarian,8.148157627093708,873.7730251165602,10.453733512319307,4342.768083565446,41.8446789716228,0.6168029625309546,None,2411.5452492180225
Car,34.87357308346418,2,Vegetarian,19.73138981558653,512.4279832885431,137.10772411252466,1274.8742034158943,34.45619079878753,2.0874588239862923,None,1710.8395876236311
Public Transport,34.00703858801502,5,Vegetarian,1.1185270025645133,336.17447352659303,87.24288342400908,1719.3344354204878,49.81507202511484,4.858205588603991,Diesel,1553.215166812314
Walk,30.930568910759217,1,Meat-based,2.8436275277470324,317.58805673171344,38.958760528785355,1785.3196985760967,45.76318745451751,0.8597373527921159,Petrol,1232.5707509894282
Car,37.63583197788206,2,Meat-based,1.0565178781720497,534.7127015595554,163.20670046041369,1719.0915046109203,51.88895316510814,8.433323548919375,Petrol,2245.529684307772
Public Transport,7.930255264653685,5,Meat-based,12.516823899647516,898.1483855220633,160.51214963032558,4349.336729469296,13.99189772269941,7.180062101076478,None,3708.399636004966
Bike,44.04353795994642,1,Vegan,1.0901855482743916,440.51282351438226,97.27832561777876,643.4815784386644,51.31415015132771,9.436336706484948,Electric,1227.3678051432992
Car,43.5921763872616,4,Vegan,16.728794747522468,774.753172105189,59.690132229552106,842.4499504134844,24.241881388721087,6.934669059640272,None,1452.6814658832898
Public Transport,1.4623641517279573,4,Meat-based,10.238772613638556,187.13685788849676,127.61854515929048,1732.6169178345667,18.433134898819127,9.404013722621855,Diesel,1886.2622752625923
Car,41.290837528238136,1,Meat-based,10.540152491630675,528.4510319359556,57.63042715548061,1399.4283859224965,6.483421878619122,5.5451255569096505,Diesel,1782.1132403411273
Public Transport,6.4434933736722595,2,Meat-based,11.231890154243885,992.517526353462,47.20158606474241,1543.3682624728176,76.26525587561409,6.002186110619694,Electric,2099.707951651361
Public Transport,16.755942712957093,3,Vegan,3.4162741261242147,793.3940225131033,146.10293080526532,4090.74435163985,42.744192085655996,9.769710546262608,Diesel,3080.2480736820585
Public Transport,37.17541281458039,6,Meat-based,3.953806062289751,289.4756395965517,8.065047944190141,3034.069672514211,62.66436833117584,6.421291468642604,Petrol,1689.3734720662235
Car,8.03799480241541,0,Meat-based,6.376346457460094,551.2973263281197,18.95369420691879,525.967975818356,72.75933433047433,0.307865688607466,Hybrid,988.8092333792221
Bike,40.89835120595311,4,Meat-based,11.86992831643703,310.2622872837099,1.3576348047179554,2431.9524456688787,67.93166653135535,7.238027766305233,Petrol,1603.450287418072
Car,41.606708897887096,3,Meat-based,4.202355518804291,468.60483453625835,30.58863729508523,2335.4821708266154,47.05007190896823,9.054686921374156,None,1651.6657117176048
Car,25.373386688041812,1,Vegetarian,2.3266345426652246,802.0756213614683,13.798001742091891,1012.7537125004459,38.789852895172984,7.955802497943266,Diesel,1340.4321195213968
Car,0.319293585841679,4,Meat-based,19.402337728368643,794.1023337613633,199.1604735559837,3542.638048706557,37.595990964066374,5.838332726254226,Petrol,3683.0319148393514
Public Transport,14.351906658745639,1,Meat-based,0.43963629619245825,305.2903401121466,57.76199399081791,3659.4373477077097,64.00487969300563,6.713035130935163,Hybrid,1962.1017136824398
Public Transport,30.84634591878711,2,Meat-based,16.053948106720433,930.0009863393741,29.853602533849454,3744.0194857344395,49.47943549418734,9.901917892516718,None,2905.970951100735
Car,49.059308901371175,1,Meat-based,15.760702991500441,633.3113644883441,48.19925159918359,3778.1192550136643,84.91322479885106,0.9066208850933832,None,2616.3837709276054
Public Transport,31.59067635083342,4,Meat-based,5.9442822769019195,441.93186186581306,187.22511430802692,500.2377211953356,87.47019843267121,6.672448286332395,Diesel,1893.776926707915
Car,12.99017905320799,3,Meat-based,2.712532320146268,551.7420227027746,104.03204460487913,4792.64361731025,17.056037800651847,2.8339769457059383,Diesel,2947.4534942577125
Public Transport,31.700285154980566,6,Vegetarian,2.9125729341084683,644.5641280939693,72.96361926157138,4163.939451745984,13.623365154572564,6.4009039658617,Petrol,2646.6239039780685
Car,26.999268985792774,1,Vegetarian,13.94863234474385,603.9014786612069,174.67829158184387,4567.917634651783,63.04009260359995,6.076235758839388,Diesel,3242.430889532927
Public Transport,38.99226975755718,2,Meat-based,12.856131821723473,537.7645319825604,78.99805410980649,570.3948288834536,30.12257480622794,1.5345683210816208,Petrol,1559.7511410413208
Car,5.349031941347921,1,Meat-based,15.654913485027734,554.4395236804601,67.00171399153916,4702.3645810358275,1.857071876509886,2.0674664574023915,None,2979.6917596523635
Walk,38.0513951251014,2,Meat-based,18.749623447982092,258.77071938509755,41.45650450994711,4144.048379096472,88.86426693629551,6.2162957804321355,Diesel,2499.874791978436
Car,27.063328933805515,3,Vegetarian,13.83854726533184,831.4596138742114,75.5593647818823,4267.486143314143,22.690076724380827,1.2822994730377413,Petrol,2854.314578240537
Car,48.149600192949734,3,Meat-based,3.117030731028869,587.5842879469138,63.3368712033852,919.7932312488583,92.92806516858091,2.6518087513032285,Petrol,1569.4474809138192
Car,17.093608301934303,0,Meat-based,4.868852335308214,217.97187553423277,135.46079185962822,3824.5011301336895,71.74344508782536,8.352455477380024,None,2446.1344743233694
Walk,31.631094656697407,1,Vegan,16.84387461746229,789.5413914245001,57.916540934145424,4819.62510338941,76.26534899114843,3.270915060016386,Petrol,2759.450947300804
Bike,46.60140527550087,1,Meat-based,4.186121516684171,939.1995805396158,115.4399492845123,3553.4630363817228,20.14614957931604,4.880601562696629,Petrol,2893.1416171908904
Car,5.125486399533963,4,Vegetarian,1.4504463390896283,952.5762093132658,13.178433006394542,3067.526320810729,23.419442561681294,9.411403351458404,Diesel,2195.3641860641355
Public Transport,46.86142436182256,1,Vegetarian,14.06560108084501,432.1159591700555,38.257831339302875,4755.333549870486,52.12677538240658,2.271490888369463,Petrol,2357.6299112427814
Bike,34.394286115040664,4,Meat-based,8.050527109802841,221.96518620467862,81.48105432226976,2493.217047804962,17.209985264986216,3.896260173580104,None,1846.2977374172397
Public Transport,3.391852955258595,0,Meat-based,18.400801050918073,566.5596639697586,187.38985078173909,3196.8210483971543,30.543169268303227,6.064577755435456,Hybrid,3182.254317489922
Public Transport,15.048178347340812,3,Meat-based,13.005101421873231,201.34830641429863,75.45039714313909,2643.5223207246477,32.14624779478045,7.553389295039722,None,1996.2427366088657
Car,35.40860443226408,1,Meat-based,1.808379555833215,940.5886766613555,132.8148242399668,4697.807996121346,15.96299332527641,9.016533867127052,Hybrid,3422.3740138703156
Car,3.367530073438585,2,Meat-based,18.957131345073215,265.2216646196314,51.01744448427963,842.3812704447827,20.518283339516074,9.154729875735152,Electric,1439.5291811955883
Bike,29.108523008813663,4,Meat-based,5.171145272804917,327.48927395604767,25.406715194646345,2755.0386537140666,78.85518420082566,7.76640074372623,None,1680.9232247397508
Walk,17.294152847647837,2,Meat-based,6.744249808125716,465.9728741964734,11.707320016010026,3591.2859862344726,16.719585454726836,2.283308365933104,Diesel,1998.2953148203485
Public Transport,31.045775888373857,1,Meat-based,8.045208273670841,444.8480217032132,61.08269970855027,4063.579422900066,2.8457391843922486,0.24809330042565803,Petrol,2434.2197691546767
Car,2.2871016906256427,1,Vegetarian,1.024485928086265,815.1966031581001,31.532205359381592,3123.5839134986136,62.93549426289384,3.837739303556238,Petrol,2070.4305703800096
Car,43.576840307618816,2,Meat-based,9.930308444612097,510.6851384958661,34.80208960322484,4590.129848546543,97.598311939245,1.4154885098782333,Diesel,2743.24063015747
Public Transport,48.67444845886985,1,Vegetarian,2.466369821505845,253.6914340030032,152.15186167739,4738.961510977423,33.12138146231214,7.1038764743829805,Diesel,2824.0466863374045
Bike,48.44389276428458,2,Vegetarian,8.019406533767036,340.4889059374667,3.1676141889748433,789.4365043711259,11.86557031962523,6.611305868257168,None,703.6990470993273
Bike,37.48259158714624,1,Meat-based,7.0141957598416855,558.2020466687698,111.56202514708689,2310.6674279361846,57.03873253675308,0.4397164162145484,None,2133.68689526783
Bike,6.504312006531599,2,Meat-based,15.456801668530067,232.7085256835214,75.89227611869296,605.565597745195,90.63542110956462,8.365937791309511,Diesel,1344.1915858737307
Public Transport,37.913159796451126,0,Meat-based,16.063410232654622,650.4901080814127,101.30999998170944,1982.3749581849931,78.40617798284788,2.4874326629118224,Petrol,2321.8431484723883
Car,1.2293458229400755,1,Meat-based,3.0682576477817602,609.1725758960313,112.56604744292058,2915.9069808677095,62.2515868412716,4.322270754910422,Petrol,2317.6716464531273
Car,1.1061775764498627,4,Meat-based,7.331023747584524,743.2320847440319,62.673538891455635,4598.57718729477,31.50564966075994,6.679337354557424,Diesel,2961.4193885428645
Bike,16.18051095747706,3,Vegetarian,7.467063220636634,943.9341538414309,59.02177203685706,4309.494451094313,54.18801732762199,4.294187868522533,Hybrid,2786.3307411863475
Public Transport,24.432159520233288,2,Vegan,3.028208878721701,921.0291049910401,146.68036986698115,1073.7487700239358,9.124484130425536,4.412878027999434,Petrol,2097.6525531563884
Car,38.52037089038966,2,Vegetarian,15.96907010102381,951.4680562619482,174.25539762423142,918.6366863340306,67.894542428067,0.6562799533574037,Hybrid,2246.304820371068
Car,34.16476883032526,1,Meat-based,14.144566566708466,320.24403732133084,38.51632649170558,3151.7030244050015,72.50960188976508,4.014435492600038,Hybrid,2104.4368941421467
Public Transport,22.295135318837417,5,Vegetarian,3.8076357259406945,218.40877597541916,19.52375210702979,2894.530876064522,96.50316229099188,7.6484789321998345,Petrol,1496.1185803436006
Car,13.681333314083293,0,Meat-based,7.334438171875981,372.04903044680367,179.55916127840518,1698.6993864351073,26.039735874507166,9.151763371865977,Petrol,2211.147715986798
Car,49.856225007885556,2,Meat-based,2.1161004971302844,905.5766554896832,69.97909272947973,4547.538880492259,1.8456419043022643,4.134971370633718,None,2936.584962785578
Public Transport,21.30906511179865,3,Vegan,12.564131941860879,974.8481271611394,110.26347813256282,4673.14884257699,54.56084644271506,4.235858268790789,Petrol,3226.069453367086
Public Transport,22.569351216483774,1,Meat-based,2.4274384909723934,873.3924559634285,71.9086289040007,2311.751472530732,70.67905043968145,7.026271063236521,Petrol,2151.905244646251
Public Transport,8.181191059583458,2,Meat-based,19.718683372498354,199.01594901478924,25.16046726921026,4506.361507010841,79.0407475882988,9.427720011052767,Hybrid,2542.507091449789
Car,39.740477437496466,4,Vegetarian,15.613641493757246,952.6851982538138,117.86632898954561,2227.770024183377,19.37389330248106,2.6706094023936022,Diesel,2533.4294884545675
Public Transport,34.68411128907443,3,Meat-based,7.804770991679901,481.0222246157074,105.02817035392593,3815.675743233651,26.175286903702364,4.401442065379369,Petrol,2682.595693108663
Car,11.03848063943802,2,Meat-based,11.571278645587089,108.37926168611831,40.598711838239446,2641.739978964759,51.25909252672963,7.959732435523011,Diesel,1694.9811278156503
Car,4.119052280792134,1,Meat-based,18.226836324328175,498.1543666733742,90.37380893045557,1051.6242042823235,33.060080997000185,6.096935693740385,None,1868.3737883062483
Public Transport,34.02496510373565,3,Meat-based,11.081985607916522,141.46225270792084,159.38950080312918,4675.703905566597,86.05114865874451,1.1058634396395473,Hybrid,3023.2929963143215
Public Transport,32.72556071405676,2,Meat-based,3.4899697279591035,589.4901290450058,118.08522062157827,2543.434670198915,47.37601537387203,6.277327355622657,Petrol,2272.0277101059787
Bike,13.662976349910466,1,Meat-based,7.574067111623187,404.6986246933462,19.38346541339897,3805.1916814508163,79.9578644102003,1.867462845973269,Petrol,2049.0186621484704
Public Transport,47.543178112520515,0,Vegan,16.86289730059491,526.0914402346439,109.60429944582701,2152.2821649408147,58.06197604823537,5.102159340784041,None,1892.419684571185
Public Transport,7.552894589045012,0,Meat-based,12.884260319792357,651.8533246688054,140.54765985791738,584.963953593056,77.3090141617112,5.2910326766043845,None,1943.0873310423253
Car,21.616740052130094,2,Meat-based,13.014487686676006,881.9209862360383,158.54068115615027,952.3866141132617,33.267298653032384,8.762033622249849,None,2444.4889765607913
Car,47.18079600837994,0,Vegan,17.336429713769782,695.7114188247357,125.82351572685336,2732.98765770466,83.14166219303112,4.624942740124381,Petrol,2489.931814660361
Car,20.986365846306114,1,Meat-based,17.879461149250094,490.64398163036265,30.531632908156748,3604.839607068631,27.457231555102158,2.794424222358942,None,2406.197911085975
Car,31.92629738320428,0,Meat-based,18.395851435588725,837.4850683033286,142.03465331803213,2006.308969606756,54.60988080032908,2.3096634821603157,Hybrid,2807.4136124277406
Walk,19.879719898139715,0,Meat-based,1.896983865063122,915.023923815819,135.46836921630327,3629.6980662994265,21.400711317387422,8.74251876684336,Hybrid,2950.1138733845874
Car,13.710760117433502,2,Meat-based,10.882520039262019,207.78396978897752,4.885376588126644,3643.8601524438022,47.55265216261934,1.7101085441822839,None,1846.9876393802035
Bike,49.19888239799141,2,Meat-based,14.810190424366372,578.7396797975123,82.34953351804863,3667.711582975239,31.817520950870314,4.2586856088314375,None,2735.129227071421
Public Transport,20.46670031575215,4,Meat-based,15.138536902540276,356.0607637681997,66.59004939247465,2716.348343092288,26.670343063721425,1.87173114926947,Hybrid,2168.270868356012
Bike,44.70496018395672,4,Meat-based,12.134324039400077,142.35507808925266,133.88241285072868,4616.987675546768,96.69850180280375,7.733040401143754,Hybrid,2923.3678140429392
Public Transport,11.497730294554309,0,Meat-based,3.3357467036734834,701.6920256025868,43.22716246218414,2701.38433091277,16.00741054867306,4.74372639974619,Electric,1959.206384387769
Public Transport,10.655235201254165,2,Meat-based,15.948411078833287,876.493699713303,118.1743845948517,2526.1933707348717,78.73258374573953,3.5114369055681207,Hybrid,2831.5499633252025
Public Transport,1.556704144225568,1,Meat-based,14.402226670298914,246.61238902965465,182.64119236283446,1397.2136855478216,98.4164959483215,3.6109964062646682,Petrol,2119.8902408196227
Car,32.58334126879425,2,Meat-based,1.7227154309807258,831.1722918615104,159.56047444172154,1884.4478931035144,1.990148374007783,8.522142067229794,None,2426.0945505409995
Public Transport,18.426317186188058,1,Meat-based,9.276196493487525,868.0561601832475,184.29154724330607,690.5052163323651,69.90274140420951,5.537739542944381,Diesel,2346.866941063236
Car,43.21791249198185,0,Meat-based,3.4795479904360715,922.9063983998352,195.701193386538,3350.908821272766,25.291180555628713,7.178678511312636,None,3207.139884310455
Car,23.66049533457786,4,Meat-based,6.749540914259438,338.7565801774472,2.1340254012325532,1618.410847671918,4.0487824328304445,8.970385162506846,None,1224.1460783386228
Public Transport,48.40967139573608,4,Vegan,0.3616218441137087,913.5577586709004,124.5482552754955,1868.698645184593,40.28895789566308,9.01741676040642,Diesel,2344.8238846181716
Car,9.276275785156058,1,Meat-based,8.006597368215164,388.59647926278905,82.56787955178129,3968.665347489445,93.5217810170875,3.2850905433786313,None,2441.640639952693
Walk,43.43115839778054,1,Meat-based,10.997538423124208,597.1042121099525,171.97089806702434,1972.4953242265424,1.1765094366997686,9.524512631463853,Diesel,2542.64461238625
Walk,38.829842639587085,3,Vegan,12.391651856541737,145.45672374905394,50.362940401826336,1589.8815140591398,58.788569192978166,0.24875882014605444,Petrol,1020.805912605764
Walk,38.5460922322026,6,Meat-based,13.269806902574201,139.49297953186925,196.20589782301522,1260.7598711016758,50.13964785953243,3.768355610161657,Diesel,2128.019772041972
Car,42.239161405844385,1,Meat-based,16.7258262620492,748.3358914589826,122.74159390874945,3986.8628098188015,87.33841643710475,8.957988575088416,Diesel,3421.6676963012615
Car,38.05119954714994,1,Meat-based,4.309258145514601,500.03198018001194,158.70748044576618,1083.678160955121,8.400171452062565,2.7463687981698293,None,1845.2870053498727
Walk,31.31101608157077,3,Vegetarian,2.409636448769359,330.6631378322958,17.119910564553663,2541.891921126591,68.15260298866504,2.7308145032131836,None,1368.1206287795349
Public Transport,6.562243884119379,3,Meat-based,17.030743437958513,271.3721464224192,36.69157695177301,2781.185522347375,68.01096984332773,3.026222850818887,Petrol,1974.6379218676361
Walk,1.6263089745625958,1,Meat-based,3.1322562978529978,702.9581417732962,151.68073460684064,3593.2546070857156,66.90800168622832,6.123133848469222,None,2858.3010665842658
Walk,46.04239239078434,2,Vegan,19.495201626723905,100.36138962280589,4.397304407864722,3349.7756704984795,94.2334494935037,4.383327756143538,Hybrid,1351.4618050727872
Bike,30.832515726036902,2,Meat-based,16.85076458797274,825.3020522771687,163.37559717875655,4148.243028253286,82.30875290068805,7.267348363533426,None,3625.1359568417733
Car,39.826864548808814,1,Meat-based,10.017532117791983,171.32464551693593,2.7898037383822905,701.3814526680717,4.197272624350601,8.949106425646658,Petrol,947.978590852243
Car,24.076117575627503,2,Vegetarian,19.628428498440506,272.3406534173075,131.42376781225465,1833.9832615072874,47.108285070451316,6.741993749428606,Electric,1710.3683926085434
Bike,5.865409448119724,2,Meat-based,1.9475345821600842,447.61275576918064,73.01878404636118,1760.6035344892089,39.79530562013335,2.044667201975755,Petrol,1534.333516096582
Car,6.259289610127522,2,Meat-based,6.061315223502033,536.3728657444933,122.29897054383983,1157.076075164487,31.014722109080207,9.326819023605022,Diesel,1840.171534718001
Car,34.27826436144857,2,Vegetarian,12.764488300812229,419.49560423254763,139.20628139782275,1801.3021423539942,45.13367251540973,2.644928733474785,Hybrid,1889.3031174226662
Public Transport,21.515294744973133,2,Vegetarian,7.000137369463575,388.6409484858645,68.49504383726084,1893.9439136430653,38.41941849259774,1.4989429532815812,None,1462.6767697745572
Walk,10.026236335016836,1,Vegetarian,18.567451039615836,967.5244108658696,21.59248962216711,2848.4800786736523,43.23338998786653,0.899672788609609,Hybrid,2038.1820723722003
Public Transport,24.579727337071844,1,Vegetarian,1.3125217635563513,677.4217131190549,13.929173549653129,3486.670155168152,97.92618656086425,5.633837406661656,None,2002.0521689790799
Public Transport,3.2104468537567046,5,Meat-based,10.988236641219292,121.0896598306494,117.78720451250958,2214.9523112531633,8.863297474958076,1.137624624806518,None,1936.7713501226
Car,29.09857009571994,3,Meat-based,11.81732534790229,487.15831759988185,104.1310707468223,3737.6160409102154,92.22308698387297,1.3877588411263075,Petrol,2824.2875950918283
Public Transport,13.449670221754884,3,Vegetarian,13.054562475544483,887.5078297695732,148.4402018242265,2012.74402360811,48.02367134710267,3.0003048059549666,Petrol,2409.5212224331362
Walk,39.87795503185941,1,Vegetarian,5.113324466636289,371.31056776960116,101.94710200078742,1806.2765479164216,62.374224549954114,2.8165300968446383,None,1557.7056164338487
Car,15.518097946178688,2,Vegetarian,7.291328550397289,185.10071029694942,84.48915800617583,2935.3462513566096,83.01829666176938,6.042395103321423,Diesel,1783.7292446578786
Public Transport,22.76100745409006,7,Meat-based,16.873610593299553,782.546294430926,79.61743564724617,606.7236213760577,36.046302914925555,8.167452794726815,Diesel,2040.3233054968834
Bike,0.5810269954050318,2,Vegetarian,3.8988553794031966,645.4124487424731,5.289380519533493,859.0510563530017,43.04219080879669,7.613496562028924,Petrol,1019.2159617814448
Public Transport,3.622344389727944,2,Meat-based,16.53735694346724,613.2812570438535,67.11144033933142,2380.8629461393716,40.95184802787139,2.6248445471647672,Petrol,2268.7373026890828
Public Transport,19.62467782033424,3,Meat-based,11.253108458054848,148.21890364666712,195.20403150489884,4743.107201262904,37.47310225357599,2.4531049798597993,None,3240.2522007763982
Public Transport,23.996941735856176,0,Vegetarian,15.243750223881642,226.4491088159656,174.71111524541777,3746.8030092954064,92.5529321646895,9.657915301069677,Petrol,2535.9894283511912
Car,30.001027405965186,2,Meat-based,14.272147325269431,660.2944565918024,65.87561340684354,896.5695627525099,82.8929891193012,0.08236241591960125,Petrol,1829.219071052293
Car,14.583128935465162,2,Meat-based,4.150229907697581,287.0414573129522,117.55908101327444,4308.431057513932,10.89999898629761,8.797205330602157,Petrol,2679.7753324289356
Bike,34.74909430632713,2,Meat-based,11.376254728677457,553.6630717735819,169.4593491070988,3795.3534677368143,10.812335247709603,1.9972851912240497,None,3111.788278624184
Bike,43.00611985946023,1,Meat-based,17.35446305610185,590.3935174264541,88.25486735001374,3249.2593656619392,42.78695148529912,9.472843230897679,None,2707.1122235533917
Bike,38.99254944466749,2,Vegan,8.642324736038587,355.15647124384543,3.591572750030192,4191.318322741297,9.865737673280906,3.423072848275197,Petrol,1876.9424726312468
Walk,1.9809412674178573,1,Vegan,19.331815404466333,953.5826399873436,14.902092363728014,2318.4943148433067,61.909309527111965,4.403517738932523,Hybrid,1817.8548700134825
Public Transport,24.02534736289145,2,Meat-based,9.04430200203436,858.2176961520177,102.07854426974133,1496.7547288423375,14.36916072617339,7.0712061394438095,Electric,2223.499437242498
Public Transport,5.246508920908743,2,Vegetarian,2.8557127333576937,750.1361568695187,193.88787513517568,2804.105250989417,52.2373263966801,5.876690514732603,Petrol,2792.1937445960957
Bike,12.102250793126373,5,Vegetarian,7.788693601553465,170.19447976846817,138.64190844377356,2969.787900170632,0.7219947003717753,3.179393297068228,Petrol,2069.816407067603
Public Transport,49.333129663357326,2,Vegan,19.034048127810742,195.5170173781175,14.183238287713905,2922.468674044604,31.659634841264673,5.538309158678235,None,1405.156337580803
Public Transport,7.124777145075662,2,Vegan,6.394416986797085,543.5032112784602,37.872175158372556,3042.8320616604738,67.71907236726554,7.307068843628862,Petrol,1857.6813191279518
Bike,24.944407672567802,1,Meat-based,17.361963197341257,244.64201427188712,154.26462864337,4769.172132076314,48.40389402278484,0.42334945902492094,Petrol,3212.074268659312
Bike,30.907786715905956,1,Vegetarian,17.625013633637796,980.4389171765266,168.28795199124895,4560.105303933041,97.82694859989881,0.11199305255704117,None,3415.1608250354507
Car,35.1232485272052,0,Meat-based,7.003730486639221,242.6682106246685,123.53891723771817,4440.726664515227,87.41037960662108,4.580669390728913,Petrol,2800.4639553195957
Car,27.982434174345705,0,Meat-based,1.6651531610126424,538.7210519175766,128.88463392596333,4106.375649088823,35.90707790431512,1.318366178035142,Diesel,2775.3497437909723
Car,0.48854237095918296,2,Meat-based,14.491158183176365,427.7089511573549,5.667490076676929,4745.426482693784,4.5486541472274595,6.643442914647144,Hybrid,2569.743785096363
Public Transport,16.323065412199593,4,Vegan,6.2302459802797205,675.4477793086882,165.7060519163017,943.2258875573146,84.56263001150188,2.140524562274342,Petrol,1940.3391024691527
Car,25.885582169235573,2,Meat-based,15.658472285151447,216.13276800048243,157.65504163416594,1693.0546765058277,91.12343103146713,4.328511067956709,None,2120.1188862107892
Public Transport,4.393324957241668,5,Vegan,8.853096965208662,487.2847852381518,51.80702882066943,2727.751755445632,82.06273934190368,1.9767093687426895,Diesel,1795.8087194824134
Public Transport,17.53134656045904,1,Meat-based,9.70533484685243,347.23452952642924,141.7353439931014,4309.405219055323,12.794994091976486,5.484835857491245,Petrol,2923.833526296989
Car,1.6601554395683282,1,Meat-based,15.558188134970736,898.9763722045193,42.97092128499962,2773.2457018522964,99.79151344122877,1.160534593845689,Diesel,2480.0256117373697
Public Transport,3.928924857751037,2,Meat-based,7.647266621232558,136.52714092122557,8.066032210302598,3866.1563270371494,25.85842215527738,0.2310685278748026,None,1783.8944841508105
Car,19.846163810079805,0,Meat-based,8.862546906458292,922.3547446058134,40.22730851807545,1125.3195736201228,72.42049128083701,0.5113163810669719,Petrol,1786.745377079763
Car,6.635787702153017,0,Meat-based,7.523809375392442,849.6947246977004,35.7257753508599,1635.8621583945207,90.80348763357216,9.5425844151531,Diesel,1833.0184669012538
Bike,28.37704241307791,4,Meat-based,7.346810305545599,367.8136447967339,67.54959934696944,3792.9924276695256,23.568711433070945,1.4228621861093582,None,2324.9705258118133
Car,34.47324845686329,3,Meat-based,10.518931538029188,810.3615892093942,83.68989943509162,1241.3030399947584,90.8258554677066,7.084782531368353,Petrol,2165.01105088517
Car,40.029334955454146,1,Meat-based,16.175988890023014,128.0922043048728,101.70777829954159,2081.1017059471706,30.948157919486697,0.6792620422282625,None,1854.1832139610258
Public Transport,10.007512212240504,2,Vegetarian,7.235366238451317,970.1789952640543,95.35077510166563,1691.8981601610715,97.64132223840562,1.0816035223518217,Diesel,2054.718411050769
Bike,8.374129112953488,0,Meat-based,10.485094410754733,573.9354483308105,54.13492119305787,2074.377624001153,28.12600203804746,5.088762514093347,Diesel,1862.884692930948
Car,5.228392016720012,0,Meat-based,13.414546508852016,372.9529234589007,5.834133714814893,3687.4582208508664,95.34358247578352,4.648709301543437,Petrol,2081.045891625292
Public Transport,31.821512477181834,1,Meat-based,5.388788926073101,426.3248913352094,121.02032444743014,2155.3123151426043,5.3544650892674905,9.515803094398695,Petrol,2062.4170982506757
Car,35.32378632434506,2,Meat-based,5.550456098047851,159.76481811444762,79.14896596947088,2998.684951735731,70.9272011669813,9.448354530207373,Diesel,1999.2134820277959
Car,1.5793072412821019,2,Meat-based,18.668262540469097,990.4145626378353,59.73443147750994,949.6934467448434,53.21111338370037,7.796086425424651,Petrol,2170.4769685502715
Public Transport,46.81061231218449,1,Vegetarian,14.470691466621773,135.3627506356232,173.38820856610246,4122.579619555825,47.78770771227306,6.0210183012734975,Petrol,2601.0782806942248
Public Transport,2.5985641825736208,0,Meat-based,11.543733524466177,689.4164108330731,149.34866155963195,2164.498815416562,22.349431425583997,4.549603173930111,Petrol,2535.388895555416
Public Transport,27.06481676505352,3,Vegetarian,12.95440108841224,498.46233493581246,171.55310967448844,3418.403715650041,70.5595789776492,3.5617853432842104,Electric,2683.0136279432227
Public Transport,35.453025972545824,3,Meat-based,0.5859888620683673,954.0245963698436,98.9965589424922,3764.253207478247,19.08094914463071,9.470875469755555,None,2907.673223481911
Walk,43.54845618730428,3,Vegetarian,12.362059311233937,321.39976627611566,26.186250425355496,1443.474149502652,55.284179598476825,6.029088114246855,Petrol,1048.16723794046
Public Transport,35.70434660662139,5,Vegetarian,10.190177464484037,578.8781415442102,139.2442872242545,4481.037432290075,25.32453630402508,5.790725276859945,None,3029.515980314818
Car,40.08640415348959,2,Meat-based,10.914993595588713,534.1205877244777,41.21475598743505,3273.0091322312883,95.56213797813561,2.3190112176891486,Hybrid,2291.0628001066807
Bike,16.972509627140305,2,Meat-based,7.188476536616342,732.5797996450912,88.24593381834336,2429.263137881667,2.8631193835652824,0.4669781788511307,Diesel,2242.0910754797974
Car,40.74125568732561,3,Vegan,1.6294779542588378,161.20920875717846,13.000157789777699,1320.508326101988,19.972828011123656,9.451885797595445,Petrol,977.9493799823923
Public Transport,4.005742319233757,2,Meat-based,3.8667846722410437,274.4102170210194,165.06168048459648,4740.35422055543,24.231060638744772,3.1373525884465394,None,2965.8050234255034
Car,44.74083280302638,2,Vegan,19.014894264253435,293.10833808356483,25.188128209500114,3897.806918592313,41.406782576781644,4.425890233244587,None,1838.2285669237617
Car,27.37961880768681,2,Vegetarian,8.17399124541868,764.3356793575207,180.61950140986193,1436.11053229962,23.273024187005355,1.1463994358570684,Hybrid,2276.048368919226
Walk,40.864888498124685,6,Meat-based,9.333663116617284,270.22482669406605,172.84612045231142,2019.6984862590102,49.134909026878525,8.36924329909292,None,2311.949097118844
Bike,22.615914225915006,4,Meat-based,1.0541957970687799,616.142587501879,92.9165528878492,4143.53416139633,87.2465523258539,0.27631832855930627,Petrol,2627.7552791403978
Public Transport,32.178884759826246,1,Vegetarian,0.7513245908796118,293.7194384508583,148.87364086079813,3630.549484469025,71.20634214091707,8.339907620990965,Diesel,2443.139315765127
Public Transport,26.320133046805662,6,Vegetarian,14.343628940935155,875.4624550755806,123.88901476363066,3946.0293172207594,57.99619805351111,1.402850127879668,None,3007.459640676148
Car,36.579476087766594,1,Vegan,10.761893282422225,947.9669090406746,160.61512846754897,2485.404959958196,8.900317798267965,8.865641126311521,None,2674.1841398249762
Car,4.081499101529479,3,Vegetarian,10.174119684325333,566.6436774480164,86.36102015718241,3724.143181889751,69.39921083892756,7.297726373361574,None,2398.516045643327
Car,3.01760419952819,1,Meat-based,4.862490608453374,417.07799578826047,157.16169684887,2239.2217528876117,16.641428431093985,1.646702625073051,Petrol,2187.218451543553
Public Transport,12.355161700507322,3,Meat-based,14.895014632598444,310.65199751574926,92.49136341302959,1450.6831262218839,78.63673859616979,5.658179928594681,Hybrid,1803.9331870853634
Public Transport,7.977234005659417,4,Vegetarian,3.3647315821698376,144.8029013707394,188.19315756855877,3347.04665678612,25.00567585101532,3.1265631435521946,Petrol,2425.695678779213
Public Transport,43.589178329610085,3,Meat-based,3.7986948732204007,341.65006857774586,97.27442016502951,4892.062665194574,41.70487283209009,1.7823309891158345,Diesel,2767.3983051323703
Car,10.960699367902215,3,Meat-based,9.21424342696551,688.8122019507861,92.52385438674591,1897.7043712789832,35.04702023179279,8.591821994111084,None,2163.034876261156
Walk,48.79326279095657,2,Vegan,5.725597242238818,580.2552381782898,157.01437231270253,2574.363164956428,85.88139146748568,4.035227665072294,Petrol,2329.8445726609734
Public Transport,16.844789588555344,4,Meat-based,4.949259624662927,949.6371504528347,164.31553835216758,3533.0061698143413,12.654445871340814,3.985437143653825,Diesel,3253.604779812437
Public Transport,9.105895784434964,4,Meat-based,12.904752891066632,456.64953624253053,110.89782286423416,2936.7782695511955,56.56448823847886,1.6988667480662,Petrol,2494.0897303772713
Public Transport,39.484925357123956,1,Vegan,13.01943490437089,724.4770080955551,35.95956269901508,4295.425080690722,14.206160944306223,3.830656760857787,Petrol,2448.192164602832
Public Transport,32.935388775043805,2,Vegetarian,16.490341395998584,540.3904727276092,93.5516461915159,3927.8421791128217,70.47958361321867,8.716168463288502,Diesel,2504.257397500762
Car,24.90978582265695,2,Meat-based,8.354171339459517,561.3185943317906,193.6145005819357,762.3374173806067,90.50781277944812,3.631287104896359,Petrol,2210.3958201849305
Car,27.76817754688156,2,Meat-based,1.4617018205230048,340.99688314370576,150.59723860783703,4992.895552656983,43.46076538672534,9.51603562499788,None,3013.2900873445155
Bike,35.96008891361319,2,Vegan,5.473327698429154,509.4556991577997,162.23252077582643,3885.8110417376024,48.80922602649759,9.463088992083875,Petrol,2790.2512278942386
Car,11.422737066564936,2,Vegetarian,19.60010926393634,523.7064973114366,6.565099763848026,4387.564923323509,92.74228364827623,1.4489865930734602,None,2108.008018891959
Car,49.816695802837096,4,Meat-based,11.925171504654042,735.9782695740405,93.57189252683197,3430.389704429059,52.09913886493571,1.7731125352264487,Hybrid,2897.3788546114442
Car,48.73965810733915,1,Meat-based,14.194741696020404,946.5759992675024,129.32422673151106,4353.28307621043,48.75984380495609,8.626740703318891,Petrol,3754.1142374568344
Car,32.516284317346845,1,Meat-based,0.14715659250829072,396.38914973425386,166.00653672561495,1005.7233871791923,57.83291027043042,3.927609189247192,Diesel,1770.9801168965882
Bike,9.977122546457256,1,Meat-based,10.364114643650417,137.9804217231686,9.854730716554293,2064.82026001692,68.9229736362952,0.04373982283009337,None,1207.7428365746139
Public Transport,34.01141212156457,2,Vegetarian,0.7505731506360624,546.6656129505757,170.48777712837463,4443.894246220218,10.688337508703139,2.73871819705371,Petrol,3064.6871788570993
Public Transport,3.609920448958792,1,Meat-based,11.38460424182896,590.0151989342517,109.68018734838235,1407.4484507010152,82.1110527741516,5.976289931955599,Petrol,1990.634065231722
Car,1.5326251102903032,1,Meat-based,18.415416992721507,251.5964960187237,39.462794115211985,852.0894436101023,43.55050274532593,7.99265965959968,Diesel,1320.2148860350967
Public Transport,12.884144425560685,3,Meat-based,19.368382610008158,784.41814564846,63.45104328994,4046.5352297534855,7.234850989748553,1.3338861709325955,Petrol,3095.292783232732
Public Transport,23.131147836965816,2,Vegetarian,10.811053507778484,986.4361975973425,56.38591035031215,4259.687700394833,78.61826691982131,1.1054136441673534,None,2776.65269143565
Car,43.413625270419026,1,Meat-based,9.164096105044319,951.1972453076148,106.17180685769516,1231.934981854553,37.69499716862721,9.220926535723317,None,2207.6689416772792
Public Transport,36.3584534883154,1,Meat-based,18.90034188496988,277.39543494128696,10.337135982226364,4344.556922522219,10.036749509505395,7.511483678225827,Hybrid,2463.296237567135
Car,37.13532605999905,3,Meat-based,13.472196639933902,887.8269159106846,31.707231699984707,3590.4550801872633,63.377903954325056,5.8977960077807845,Petrol,2868.053117255651
Public Transport,21.27466672240377,0,Meat-based,1.2979855907681892,734.0442727705163,162.53860867515647,2840.3720744746274,88.01313534336417,7.691867899959281,None,2641.6148331716345
Public Transport,17.296749627348145,2,Vegetarian,9.314511553349952,508.4619074262204,26.520798149362214,4236.125867516233,88.77535094139863,4.288543613066384,Petrol,2179.421276743398
Car,18.551938149230136,3,Meat-based,4.804900369286078,586.5498948922561,46.67925389162539,2386.621621935346,95.76634748089732,7.584557473091266,Diesel,1933.9412914581128
Car,49.38247818680289,0,Meat-based,9.396086428973632,864.6401574842123,90.67412112083146,1372.9728030052875,86.7705459766688,3.7180299127453575,Hybrid,2133.576999251095
Public Transport,2.005459570624124,3,Meat-based,9.109311440127234,532.1214456745358,103.4241776226661,1781.8370447477614,0.2140919345475223,2.4409457249260234,Diesel,2002.030832189653
Public Transport,43.35157480612243,2,Meat-based,11.642896056294841,435.88663219461415,152.72209592283173,2773.2380823199164,38.02411664133902,7.290134212929686,Petrol,2636.158384542188
Bike,28.93377042861967,3,Meat-based,7.135409806985025,543.9227437233872,89.46648533323756,2890.9885670292906,81.85425799055031,4.196722921572683,None,2269.8174688819663
Public Transport,21.930770959479524,2,Meat-based,3.285408989118561,621.2168236315442,157.97292420710775,4125.113718985551,36.62530059984742,9.813771043261948,Petrol,3076.459536184663
Car,36.262883020756824,2,Meat-based,10.074388691799125,270.16988840051397,123.66926140909149,4061.087256435505,60.15485063797061,3.49485182308101,Petrol,2824.483806356284
Car,24.333447071235142,3,Vegetarian,16.60405768691524,910.8169572402916,22.619947884764493,3116.149507420587,60.6316947374532,9.217274205310659,None,2178.909624682801
Public Transport,43.67116190408303,2,Meat-based,13.280244561352045,706.7682539466524,31.266287678567718,4013.5346751446436,36.502530403882304,9.329625485670794,Hybrid,2735.943517630926
Car,45.035093200562926,3,Vegetarian,6.767357318504317,669.94202560374,87.40674508995416,1362.9805623215193,90.44739272812876,2.4185294706474614,Petrol,1828.469793632089
Public Transport,21.08604634367277,2,Meat-based,18.710460455177145,189.54660356257432,79.37787861780792,725.2903719198246,50.32283453861176,7.982211815880134,Petrol,1476.1947162635138
Walk,13.841389861752578,0,Meat-based,18.24415142498364,643.7565443553326,148.7088539274589,4431.352201856151,46.47842059375008,4.330745051445652,Petrol,3459.5114645492904
Public Transport,29.61751642966811,1,Meat-based,4.186967987681975,208.8645960146431,116.14742795947038,839.995221932463,99.75137456618958,9.17524727230348,None,1327.8056115539093
Car,45.61816728083455,3,Meat-based,0.7883517024072595,170.82790767585914,77.62661620044986,1610.0979338479879,49.35003640726167,4.5012427263523875,None,1251.2822829253287
Public Transport,10.533109450283328,2,Meat-based,14.826174167015244,574.579806078154,34.152056690077124,3628.9352733097307,17.839825192858104,7.443037173373661,Hybrid,2493.2083628065316
Public Transport,31.148329178174137,3,Vegetarian,16.552205226983066,462.5069806418455,45.36742046509903,2342.515719322891,51.306942286343805,4.669674091637979,None,1620.198423947696
Public Transport,31.578011004626028,1,Meat-based,19.357291319027105,629.9292431406009,115.10020369381179,4443.41286461979,81.401673551993,2.2780075571285616,Diesel,3338.5090654740875
Walk,36.65565112076405,2,Vegetarian,17.796727881766216,180.29995125151473,84.6877609799585,1840.909075980213,77.68603268982814,1.993501289446863,None,1317.6823391914365
Car,6.57838425636299,0,Vegetarian,12.010695364128296,487.8847565625326,102.98550177213441,553.4210600121169,78.8581765108471,4.254311942563456,Petrol,1246.287112287096
Walk,35.79124823410443,1,Meat-based,10.601046784247616,257.3080435406422,34.135487060446735,1852.9503825233485,70.80237839979118,7.55494657014215,Diesel,1431.1977266086858
Walk,45.45162603328205,1,Vegetarian,0.5568210252517258,988.3900773317049,132.58125046891317,3101.3377213317426,25.42178290666882,6.050714851807668,Diesel,2766.6006276642142
Car,8.984155443512098,0,Vegan,4.933128936895557,605.035191191657,170.5077481711934,2191.72268931482,86.20840858402315,6.886292899005433,Petrol,2304.6065269401493
Car,11.877166246193882,4,Meat-based,9.192295034658528,718.6931748467806,51.58790135738012,2906.9274009143987,89.3443465376265,2.8232635073194245,Petrol,2356.151883295835
Car,48.56975470208198,6,Meat-based,12.570078001671357,392.87645261434704,98.30284516636532,4444.691534757584,19.415269661854907,4.814353459576055,Petrol,3149.843039155584
Car,9.048847635474488,4,Meat-based,11.145036666368213,185.26502330140974,195.10546580418037,4606.182744036659,13.045563655139391,0.44395264969327,None,3214.6343770613053
Car,42.71925466847895,3,Meat-based,14.85271979363381,978.2837765051829,66.64834811014553,1696.8832909435046,97.56049685891121,8.175324159581207,Petrol,2544.8037335936897
Public Transport,24.613892822401738,1,Meat-based,5.595338617740817,357.63313184486486,119.00926898475224,2579.6321297145532,86.83239636503679,9.898921622398746,None,2128.720480247541
Car,12.361553720158852,4,Meat-based,11.299052153049464,481.4273666562168,18.039140040048874,2971.1480685865304,89.32361472099467,4.068790626246709,Petrol,2047.9443099367109
Car,43.53749506362557,2,Vegetarian,1.7628448678158426,684.8775295323175,121.20300049588863,4771.006055997112,88.63763846243951,0.1096365313154335,Diesel,3146.3242437124736
Bike,22.265262750133274,3,Meat-based,8.27331047166414,122.22756791750015,17.926354660923582,4993.777936239731,54.168682403372834,1.6979263955094737,None,2260.21152378327
Car,25.74086769648451,2,Meat-based,15.00321665909202,829.2332174655583,191.84708706476442,1559.3326197868698,64.64017366657997,6.525268777504189,Diesel,2915.160018695876
Bike,17.961668469988286,0,Meat-based,13.86801706858088,582.9203710257582,143.13253041446228,3771.4094210561693,54.53628521336417,6.120793182038592,None,3034.430530102424
Car,29.64754257174637,2,Meat-based,19.81285474344358,350.39546836193995,157.63195762714128,2201.1397800493783,5.1206349190329075,7.878647195855439,None,2570.5186390212903
Car,8.176193629251138,2,Meat-based,5.5578225197551205,155.4471867632223,140.82087215432736,536.4868859879596,74.55030853527727,2.538840109610682,Petrol,1324.7987143068897
Public Transport,19.554076832588034,3,Vegan,9.963785983479582,246.2485739269973,117.94580721529316,541.6363509615605,50.53320333358803,7.636319155471341,Diesel,1176.3044095428493
Public Transport,48.470616116764376,1,Meat-based,6.590608275479934,905.5304729680932,89.98255621710108,2572.547034030151,64.77090747902298,6.8798402152366975,Petrol,2505.0676025277635
Bike,12.906671635056377,0,Meat-based,8.812062281183495,717.4218015423019,171.67467595221248,2697.507108519506,50.263980497553526,3.2281449771384327,Diesel,2784.7714233172233
Public Transport,32.83683322706461,1,Meat-based,17.139002597387762,324.91154947320086,191.3671335086126,601.5636345804919,49.181132232245595,5.45488148056962,Petrol,2082.8374929750635
Bike,16.259503211234744,3,Vegetarian,13.684181503769732,159.04068845052657,99.80723458081626,3591.1733754843613,17.178910947776682,1.4727380849832672,None,2016.2569687333882
Car,38.67365628433003,1,Meat-based,17.648823826951634,721.5537811479727,186.3070098310524,1823.015248677289,27.871371514114895,4.5256450343558265,Diesel,2963.7263504577286
Car,6.543683035917491,1,Meat-based,4.070222166637729,615.1669533709886,116.6665819977035,3019.5189569117724,15.88526919439558,8.811973395556409,Petrol,2464.2991214239605
Bike,48.491052253927236,2,Vegetarian,17.46722235682876,464.0675720124115,107.67683737928664,1854.1358292443845,19.566629562534242,4.211913798253908,Petrol,1725.4409277855284
Bike,22.68947706918196,5,Vegetarian,1.1952454835676884,427.2503042710575,90.89654659107134,1252.1044169118823,97.29773804203049,8.39566706475422,None,1475.4192109281644
Walk,11.802523167323198,4,Meat-based,17.771985608743048,295.13284833619747,41.85755230602397,2332.281823694939,15.311344577219844,5.902533652596944,Hybrid,1923.7104351301393
Public Transport,3.6748373665006326,2,Meat-based,6.581475589214558,702.6501308837659,0.7439321636118379,1545.2301415572533,26.927042430520764,1.9187671310235677,Electric,1439.1077474991616
Car,8.487895254377037,2,Meat-based,6.29175266828133,973.6012250144835,48.301245371212254,2906.604396136256,59.058965773858496,5.811062446978964,Petrol,2461.295219021611
Bike,25.988697427800883,5,Vegetarian,10.241771533973278,258.14372125314327,101.94463432071304,1394.7283862891597,61.017857623664185,5.0598332915706346,None,1411.4071348132848
Car,16.850158821564314,1,Meat-based,18.813803754464637,637.404958013953,75.99199045195051,2787.8268949008216,15.397412974382906,3.98641335196384,None,2531.2729062773674
Walk,41.44416829413047,2,Meat-based,0.9556272936281074,481.7665501713786,89.69704560052676,1208.203316909904,79.37174257852124,1.1963043951607033,Diesel,1418.1216096113453
Bike,21.544376183090296,1,Vegetarian,7.044619501414906,502.0198495701984,196.1296439128099,3519.3861926860322,78.5202867912825,4.167086638472298,None,2782.2895272492556
Public Transport,12.435713629381496,3,Meat-based,17.131439773666713,328.73255211503295,70.05447413386551,3892.7195799864085,23.731770420389108,0.7276237623962711,Petrol,2586.271500804751
Bike,30.8572493302015,0,Vegan,7.921089548709334,842.6213880952772,90.43658787202158,996.7740541247019,28.866630267546046,0.9876905139875125,None,1608.1832893111882
Bike,35.33886084427229,0,Vegan,3.98313795194134,536.7300437325171,26.70311027056391,2605.1108541680264,93.7987865459497,4.15916532932716,Hybrid,1563.018189373297
Car,8.352095395047494,2,Meat-based,8.495883626628235,589.0652669784376,9.59154648739753,818.9226529469311,82.5671445979478,3.053814819684637,Hybrid,1190.20472602255
Walk,8.380960814415882,1,Meat-based,7.711050029833386,374.2848215175932,155.08190291849894,3191.821004939011,69.77970330625239,9.255443258622234,Hybrid,2575.307736158843
Public Transport,1.8335713466771486,1,Vegetarian,18.30832402933407,263.6276191002548,114.13663501439572,1689.819340683404,8.223322151060053,3.757058053802705,Diesel,1498.5558917214094
Bike,36.82010075328203,2,Meat-based,15.238687514861942,177.31934938253843,152.140961208779,2874.3100557741855,41.82640809025757,7.578581220721001,None,2487.3874266441785
Car,33.190226381090255,1,Vegetarian,10.102311114880127,742.7072268324243,29.972559777310327,2828.5745422293103,55.9301872076827,5.302475263662427,Petrol,2033.0670384999785
Bike,23.731543787490693,2,Vegetarian,19.767411334431422,276.61085351907,114.36575423653818,4659.594557872102,18.741128798377694,7.040856686423354,None,2586.0701116920122
Car,42.20852244845986,2,Vegetarian,9.305550625518466,721.067818769918,50.72849486827511,2970.874501559253,44.82265821082245,2.6011598301539918,Petrol,2215.776271155499
Car,40.28350764750266,3,Meat-based,1.1647566164055045,451.3388014422585,45.612363380003984,3123.4931587324204,60.102587748869,9.41904972838329,Petrol,2082.4598062500627
Walk,29.267718219837608,3,Meat-based,5.245486436299698,474.19732089068634,2.3052028105970512,2307.4390659397113,32.737668011539924,5.3008849691442395,Petrol,1506.2643558073485
Car,43.41356402566293,1,Meat-based,8.721409604386253,522.2597464834946,26.068144713814377,4770.858214322676,78.09448189504872,8.313240712852497,Diesel,2763.1908242704453
Car,10.292060501838412,1,Meat-based,3.138052482922402,430.93765731478885,61.85362229993907,3997.3365924782433,84.04495816388055,3.650456934761135,None,2258.8925379459756
Walk,5.595980969886394,1,Meat-based,18.95130252648086,190.55797950033107,23.37575211818781,1784.323806362787,32.36094694340708,1.0021134905052453,Petrol,1472.2605238607377
Walk,13.487480575849482,2,Vegetarian,15.336977956355462,378.6686290025612,197.1716880821875,4298.943135993044,83.86571544924571,6.737116477208488,Diesel,2987.3493859918312
Public Transport,2.854342804465743,2,Meat-based,5.365744008555453,697.3609246245446,61.72652970479013,2445.783620832905,10.357656610301502,0.07759648337424485,Petrol,2024.9590997052683
Public Transport,26.5584764000516,1,Meat-based,11.816090670358317,699.2059613219839,26.064789340465634,4229.002145901173,83.77290986226564,4.752929765655082,Diesel,2665.634619768141
Public Transport,46.830284614748074,1,Meat-based,14.428983142191441,357.60187651599495,39.81646256559155,4202.996307320759,15.275043166761659,1.9280190266645925,None,2492.0703155245747
Car,1.9671770334254823,3,Vegan,18.82557857813596,514.0923639019192,117.5406456682953,1349.9158404328448,8.292715250972604,6.273755044353622,Electric,1677.32934269722
Car,6.10549570050134,1,Meat-based,17.632706983508214,274.10250521074374,12.808704772957702,3655.135091226096,64.17754044410113,9.794198731378522,None,2164.7549088081064
Public Transport,22.609951414171764,5,Vegan,10.303844522764274,289.3348733768522,172.48682602823138,1807.8933618793899,47.193736575529435,4.644029063206459,Diesel,1966.9758866505579
Bike,46.69375087639524,2,Meat-based,15.493052395860351,120.74237956594666,192.29993584742945,1838.717014967007,90.78906004128328,8.174982565256666,Petrol,2289.893824352223
Bike,15.807805248837525,3,Meat-based,11.2428950765517,907.0718949169701,49.349484133476174,1833.5663459626132,36.31891960908492,5.077841869511211,None,2145.8830210441497
Bike,25.361740434419623,0,Vegetarian,11.054077800910802,289.6359985674156,90.01905371817188,3765.0571140197667,28.71522634376287,4.958400311040241,Petrol,2103.077717549925
Car,2.078642952519605,3,Meat-based,2.294839166763838,304.780489242817,4.426890205899414,1534.2171880664123,50.07349061441984,9.304234931787779,Petrol,1041.2728521383194
Public Transport,7.417160048104443,0,Vegan,2.5227531603230413,351.6412893806187,128.1420449454443,504.07625860740603,45.59461857686613,8.899658687466815,Petrol,1241.8449343393322
Car,49.33150614794234,4,Meat-based,10.59067230044915,214.66726452588608,82.78521161051778,3718.565840671849,34.44280462171883,7.858004651879744,Petrol,2577.882189551948
Public Transport,48.25593482180228,1,Meat-based,5.377230899580132,675.3365948632265,54.011693220311145,1270.3313472580637,69.37412986983286,2.962557533167841,None,1587.8520697521392
Public Transport,0.24699904672048079,2,Vegetarian,0.42073804920937263,167.6286578598279,41.367422123321695,970.1707788852559,75.95618339139082,5.450084157239406,Diesel,791.368597640211
Bike,47.590589271161946,3,Vegetarian,14.456784078004246,220.78218369371524,130.8046155317521,1568.8225426732706,85.29839690301367,2.23897233305685,None,1529.7372694239539
Car,31.95599689077502,1,Meat-based,0.6497319338032992,680.2810539310835,83.2434062064629,2209.552350452168,97.28566047103429,4.439166980465398,Petrol,2041.5986607329103
Car,43.39591472600111,0,Vegan,11.90553682208109,405.6945584332985,35.9318578059824,2641.578473629403,26.665619213250448,4.842130657597906,Hybrid,1605.069278771911
Car,22.736992781692955,2,Vegetarian,10.783875882546287,737.1530440310702,137.82181629736482,700.5651832068387,71.60934824899616,8.31640040169331,Electric,1779.1838609374245
Bike,25.77980142896251,2,Vegetarian,19.37629381155609,601.6822702031278,113.01445660733873,4867.579996823122,39.425823549574524,8.960283653249931,Diesel,2964.858116547691
Public Transport,24.44232901284601,2,Meat-based,9.684262786952832,330.4190557553618,171.73441098589925,3722.2837403880117,67.70819719511081,4.146200623964779,None,2877.427551494828
Car,33.34321287730522,0,Meat-based,1.2720287275559472,685.7451554403953,23.49517977529858,1954.3732939595127,47.59816903492203,0.17704445073237207,Diesel,1602.3567560242898
Car,6.982562737815645,3,Vegetarian,11.033759356129234,204.6463122635926,157.13332038889124,1934.137657784288,99.37731027679317,8.617738397893547,Petrol,1854.221145824173
Public Transport,1.4986794936338976,5,Vegetarian,16.82192341232203,582.7693447720274,134.7033573634518,2518.441472158067,72.890213579075,1.742786785013607,None,2258.879128622032
Car,15.396497079559545,1,Vegetarian,19.936985685628798,493.43329454053116,23.002187365619562,3318.1017024336484,95.24913004343244,6.218819638903935,None,1799.9657838976448
Bike,35.23403813683233,2,Vegetarian,8.60686347378145,341.0862245356967,138.96414597434415,1158.678799650355,83.49695494811857,0.24970900434131194,Electric,1505.7220696297898
Public Transport,10.092672606147419,2,Meat-based,6.40597484993485,643.6044979655501,88.30945777596608,1350.1841619422853,90.29010111633711,3.995064752605643,None,1788.2246408706012
Car,33.67162166624587,6,Meat-based,18.13306593903998,884.2002331062542,188.99695711116863,4367.455622750978,81.4419197214675,9.859603021153498,Petrol,4170.17534452195
Car,48.49560230536352,1,Vegetarian,3.8248425815224274,999.0142297867691,28.322270123579862,1653.1471575008266,45.91591303759114,1.006936011038031,Hybrid,1778.1815879458507
Walk,4.69503578947092,2,Meat-based,12.308578300658532,646.9864918690821,128.5666781631476,2210.877490888299,25.17884533468844,4.236931519996423,Petrol,2463.1946091223213
Car,33.630105911256315,1,Meat-based,8.114288483618955,464.2352868962531,76.3960090925892,4420.723329275526,37.03201754505222,3.0714995018995217,Petrol,2788.4801653444106
Car,22.187510965228558,1,Meat-based,0.8216472991111057,302.68639019458146,191.36293411817556,3484.1652322992013,2.0236232639950447,9.050881233882643,Petrol,2718.6441297840047
Bike,43.40711271887527,2,Meat-based,6.945769486113955,331.3864804556006,65.99497905805529,2037.7034570375974,52.39931674646672,8.693401079073551,Petrol,1659.6139697517751
Walk,8.857489472369295,0,Meat-based,5.304570450053491,531.509480334789,192.43718189836002,3576.6479557607936,50.50578002704087,2.3769876030622883,Petrol,2928.3554610963615
Walk,34.63129761130823,4,Vegetarian,13.721823078869736,430.5499311526383,180.2971702201498,588.5744692163616,52.52504648304882,0.8118778705043117,None,1653.1712285256622
Bike,41.90576448240551,2,Vegan,18.975809953838365,922.4330703624498,54.076647062131265,3810.3919700511437,97.40312249720638,6.271383940611175,None,2542.8822365670303
Car,47.230710973701164,3,Vegetarian,5.360943747572755,431.4659208901386,160.70835536528554,2691.572182323078,91.14540034548394,3.3636871188370976,None,2280.8084962410717
Car,34.16240141448229,1,Vegetarian,16.229318783033634,436.1001320308919,199.12084036070118,4159.319662780075,16.171277833010798,6.72084390606063,Petrol,3130.826239964476
Bike,24.858738200421364,1,Meat-based,1.1071963387681905,445.18106119057927,50.532600434256466,4795.869434029108,36.888252155588916,0.32119756067814476,Petrol,2417.252083535098
Public Transport,30.892362010060694,3,Meat-based,10.762420200796264,852.9581893308923,87.35543386466394,4666.048472725558,42.39561794632619,1.3339923517748942,Petrol,3284.5471820127323
Public Transport,43.44524922393591,2,Meat-based,1.4110012741978917,685.7094887622117,104.03614731335193,4591.6926955490335,36.053291785164774,6.863722327726434,Hybrid,2969.01530466673
Walk,28.530487331941483,2,Meat-based,18.680659822612785,652.7519652870034,58.98622716077286,2804.764801702492,79.8495963603913,2.1237065530249777,Diesel,2455.267749337313
Car,1.519352984841843,0,Meat-based,15.327025611147803,400.72872014547596,3.052967929205952,2120.6395136252213,52.40376698675869,8.575876757624016,Diesel,1608.61961829019
Public Transport,46.54743477534889,1,Meat-based,13.158998224091846,836.1137591491955,44.02584883950533,2592.6589612880275,57.209981697162505,0.5859088771013543,None,2340.3495610183713
Car,34.476337551578055,2,Vegetarian,16.477927632493284,134.527475220131,56.387376868351694,3604.5320149101235,85.30135589879255,2.1548198278557464,Diesel,1867.522001624477
Public Transport,33.82566928886233,0,Vegan,12.950395911403263,883.7174551043018,88.71994026363743,4477.98999592034,80.59281534153587,9.985602484850686,Petrol,2943.191572259365
Car,10.783757619885858,4,Meat-based,19.37888794348582,561.4749098145367,34.22049568268037,1431.438363500538,13.22115228202997,4.330761025867926,Petrol,1890.5688501441955
Car,32.94427351163286,5,Vegan,14.27915895729543,458.42521137707155,174.65087133833453,4631.8692130776635,71.39145840836343,7.029656635446435,Diesel,3231.9074932073654
Car,19.693220282707923,0,Meat-based,18.493172191644934,547.4505526459171,140.9822265462672,4168.311043864501,43.543612890203555,1.8266304885701368,Petrol,3309.163072455078
Public Transport,32.561648852074605,0,Vegetarian,10.34263784021276,700.673977480448,17.040095511932396,4904.852068302056,29.464890306250048,6.0986873498553775,Petrol,2534.343299774547
Public Transport,5.3296515153995365,6,Meat-based,2.341288259637253,111.48888386610763,130.0184902279863,4461.132979767592,5.0018820902186345,7.2610606836941844,Petrol,2610.8750746566066
Public Transport,32.8922652301518,0,Meat-based,10.563554428460343,884.3966708124229,130.7312952811241,1759.71798361358,48.724956034545094,3.1447663586651053,Petrol,2463.977863070723
Walk,49.97068628853333,1,Vegetarian,2.537456561261866,502.06557278025355,191.24423472872553,976.8016010482146,35.54366807245314,8.288971119758777,Hybrid,1900.2940395260096
Car,2.4106019430278014,0,Meat-based,11.8498695835281,408.6698677300704,0.6041742712322495,1005.0848239621488,25.151303967640082,6.034175784722833,None,1101.0755095699294
Car,48.858709211065865,3,Vegetarian,9.649861210553258,224.4210090706514,49.58648996116144,1810.5049336022425,69.46717295969576,3.891230096150302,None,1196.9835227081453
Bike,20.345398036143532,2,Meat-based,12.451507956655634,495.5188369225979,185.5582958750631,3263.8267579304265,76.9485387315587,5.5764239334315855,Petrol,2998.690906662314
Car,43.537672516862955,3,Meat-based,0.20093962109663188,546.690494155941,186.42678307965662,4119.4414674372765,24.47895190294248,5.767608474359243,Hybrid,3135.1584144369413
Walk,39.11927420291367,5,Meat-based,3.896809833107282,463.28202504413,144.11728387412748,4546.626381417042,4.944743667934725,1.6553529269386602,None,3015.6937866965077
Car,28.35081304933339,5,Meat-based,9.826608638242618,710.7940844442073,153.152664209508,3306.8902296615474,84.8752700565235,4.027323698669662,Petrol,3142.7687992372953
Walk,36.92246046256633,2,Vegetarian,19.010071231782696,478.8068758833034,18.296591585929423,525.3409073662418,0.9959741204303318,3.4343058801949313,Petrol,797.9710097376365
Car,43.9257780650674,3,Meat-based,7.672180807103168,965.275820061916,102.77516695564672,1338.4254943334008,93.7112493921472,4.009027225791261,Hybrid,2288.6107312937665
Bike,20.20701608255165,6,Meat-based,8.487440521072694,639.3497660412327,46.31659825779988,948.7679173401557,62.76198739827059,7.611105884852579,Petrol,1576.556846954689
Public Transport,16.351658078161936,3,Meat-based,14.293921780132443,826.730142086718,36.24360872272345,2134.960140060545,32.18466352013203,4.825384074666727,None,2207.736120294406
Walk,33.379669278179236,2,Vegetarian,12.075855145722361,198.42031279853097,162.06065982466652,2756.0794713518567,24.64779095767362,9.403161532392643,None,2118.2967874896335
Car,40.39229709706293,3,Meat-based,5.978523001966664,457.56216365131513,27.007627336109486,695.2873036035238,0.9005664264475244,2.936764133584362,Petrol,1231.2539148037768
Public Transport,38.11425673883079,1,Meat-based,8.216327911348555,403.1629313024374,93.73032739927704,2068.1508910804487,23.547141701087714,4.15703578284929,Petrol,1913.8638515230678
Walk,39.89068244293173,1,Vegetarian,4.353995977144649,612.5341493229326,187.7156479172066,1306.3085358139515,13.77283015171411,7.869568104790414,Hybrid,2098.5016603602676
Public Transport,21.77916574064665,4,Meat-based,19.320429182604173,875.002168055283,37.166411113068506,3411.8157481649328,61.216622072314564,5.460245933207503,Hybrid,2860.7199339970284
Public Transport,40.89171080875108,0,Vegetarian,2.6126876311471947,170.504395985806,195.59868474764693,2589.22566195953,16.65455885938013,5.4702814642444775,None,2189.0586292703833
Public Transport,6.010452768530422,6,Meat-based,7.436735691328389,165.31731824023973,198.8575971522118,2728.9294112025896,52.86298375366193,0.5334016300518352,Diesel,2508.1486780014448
Public Transport,27.224454898042477,2,Meat-based,0.5167794444002238,865.285937341839,111.12343093648059,2424.613046150575,59.01164223444708,3.985996627184558,Diesel,2350.2314772829577
Public Transport,0.2879330249060785,3,Meat-based,4.4355898386709285,291.56507743452164,34.028548035431584,4802.088697189552,29.80416983469145,2.707337324217325,None,2341.001624556496
Public Transport,16.229291495013516,2,Meat-based,15.609422767603098,701.8779290048324,63.220977588179124,1466.3080630470345,3.5064949018718705,9.993351228311154,None,2055.1160223077263
Walk,18.323076743569892,0,Meat-based,4.023504645777589,588.5903191247246,84.89856653530703,2824.9891692974343,3.72538806141961,3.083550706323103,None,2118.591268178992
Car,19.80863458046277,1,Vegan,1.601268050579312,849.6042353985065,61.864844871644586,3812.0781576440118,2.6347332193917605,8.844965347938635,Electric,2544.30084568982
Car,34.773360334493105,4,Vegetarian,9.489063596890466,212.58001885276317,56.127115975303155,3005.7998591055316,73.91246671365462,6.762337350404774,Petrol,1828.6287475698236
Walk,19.427905063517287,3,Meat-based,0.1993846946903699,216.80466915035015,194.4459418432715,4680.593985725605,31.800970481429815,3.4091640919209043,Diesel,2972.707676859542
Bike,22.43468113112653,3,Vegetarian,1.6953230885266635,601.1365242504768,30.672965483149127,2200.857600385779,79.63001859676636,5.435343783741237,Petrol,1588.2970276149777
Public Transport,11.877206543716373,5,Vegetarian,16.1525173912595,951.7407880225338,146.66558174337246,2586.541125979301,43.17328238428492,8.405358799491937,None,2742.6835145155237
Public Transport,18.662589581467003,1,Meat-based,15.429466897192128,473.49798253367885,0.08205788783497425,898.3504184662779,45.29981008299638,8.833682980309119,Diesel,1273.4781127717183
Car,11.363481363157574,4,Vegetarian,18.30277640809792,394.24789022922545,119.23653388047538,3240.495999733678,51.28826025095737,1.6039387500614521,None,2234.122493330235
Car,3.659796188422182,1,Vegetarian,17.09030871821499,646.0203908780973,183.18860079081048,1796.9538580164772,71.3031456375104,3.3957314120816964,Petrol,2259.2749195173806
Public Transport,30.172429669068894,1,Meat-based,13.663511264796362,937.403740490528,57.586818818643806,1221.3906778200599,27.350286582970707,3.3522318021357167,None,2047.1109225889952
Car,33.410639927750815,1,Vegetarian,1.0466571460132568,853.2350495601613,37.10519505154384,2950.3908180702865,12.15873495335269,0.4204479607594469,Petrol,2193.7810658910907
Public Transport,30.974517300480723,0,Meat-based,15.65697235973315,995.9352496598979,130.3359589756854,2895.3961852095977,55.60573351914615,5.9823775985189656,None,3118.4101092048563
Car,23.17470219002862,1,Meat-based,16.910216216811207,120.31172488213937,142.52028145967864,841.4223855082139,32.697762324273924,8.54820052992188,Petrol,1803.7997941005353
Walk,18.989289008961492,4,Meat-based,15.981642915439089,201.57233024148601,137.60610379039628,3641.9695407251274,44.24913136680374,3.815743878255178,Diesel,2742.4513918213515
Walk,43.16668247859126,2,Vegetarian,10.169580706160522,648.5209870299598,63.863376004274805,3306.974857928838,64.69467083373054,7.40035944984177,None,2191.415367148464
Public Transport,25.954089256810903,1,Meat-based,4.658036772989633,838.5187954004648,50.44048043186618,1350.5777723592373,49.41257411412706,6.277004136007399,Petrol,1732.160952019596
Public Transport,23.95909388148655,1,Meat-based,16.906599513774534,356.7199080760899,191.18375999240885,2612.456879693197,62.02788171008429,3.756487354930008,Petrol,2788.206682367783
Car,1.2821032903217844,1,Meat-based,14.543256194802769,315.2899792307969,184.65990165398588,3741.4531241535196,54.42000021136278,1.4105979949229708,None,3005.368046087182
Bike,17.06239138130782,2,Vegetarian,19.61522348777703,808.2782194430808,91.46332197856407,2882.460832435744,73.97963719360992,7.093238527759674,Petrol,2329.5357864977245
Public Transport,19.009780939292853,2,Meat-based,3.1138519551186583,150.74366846790844,169.23877323087467,2279.700842826066,70.593661771162,8.545651689412404,Diesel,2040.857545141006
Car,19.941139044845023,0,Meat-based,4.513291661041102,432.44438282432657,90.4646955268592,1950.5230613642464,53.41898918086192,6.858544924014919,Hybrid,1770.1211613824978
Walk,29.008618461366613,2,Meat-based,4.235962997630054,555.2283003330967,84.87780361450208,3246.772399898241,67.89030208597069,0.17878484034818065,None,2259.680984961376
Bike,26.680127336343922,1,Meat-based,15.850795352426735,604.313806915291,31.35258951985893,4725.989142396083,87.35596022726128,2.1623289439099125,Diesel,2846.6643005672954
Walk,30.39525463967223,2,Meat-based,3.7381459290023633,755.7536411134992,85.28121129839457,3522.8517821486753,43.22712877881686,0.6947998488353191,Petrol,2535.5965915350107
Public Transport,38.244163077106414,2,Meat-based,1.3331965964661219,419.3611510875924,107.4833877199614,836.3565663634197,41.276307274879365,5.703860995762268,Electric,1411.954205741211
Public Transport,40.649286935804675,0,Vegan,19.971216131712573,651.4159102071465,4.500865485737293,2573.082380669602,76.42456208523801,7.564776788404124,Diesel,1609.0469424613611
Public Transport,35.90615381132472,2,Meat-based,0.4963442289029829,626.8378805118607,88.82260103508128,4508.708591797824,58.2553837041994,1.1057918706865943,Electric,2730.052820593815
Walk,47.77618479774674,0,Vegan,16.70488120317731,592.8544905883724,156.27124367904005,925.080916104891,7.100678022258855,8.383378205933852,Electric,1752.9138366955674
Bike,0.9116291338180815,3,Meat-based,7.307336831013056,676.4349638279909,136.00921127485398,4949.940704618945,89.21120156910814,5.555089783954832,Diesel,3376.217021466139
Car,9.788899284177305,4,Vegetarian,16.832309195156306,333.50425396126866,127.031397772787,4770.812271404396,3.0783102237640136,6.899690121417249,Petrol,2828.426103615005
Car,0.378143748907106,4,Meat-based,11.0924098242229,176.1838782261661,181.9110856874405,852.2351632844413,74.8396356209743,9.714018486086463,Petrol,1880.1346044597058
Car,32.37373570773015,3,Vegetarian,18.032624589727202,207.3445048357691,3.606401965046002,4700.3599420229975,75.87941427043128,0.8368098824769732,Diesel,2044.9068657784778
Bike,44.90152744749935,3,Meat-based,18.523859728292532,302.12414438851096,111.40951723844682,2134.09665616758,95.31110852819305,9.012240229777893,Hybrid,2242.264981491024
Walk,12.174114828814965,2,Meat-based,0.18196362561551993,550.1781419705067,157.46976968194141,4301.191251841381,5.4134408402320755,1.261026959874093,Petrol,2914.0153583455203
Car,46.35172723981533,0,Vegetarian,1.5082435198557653,856.3984754914181,108.26707654025344,2382.725019709722,59.685686078449095,3.9295880663668226,Hybrid,2319.6079490820703
Public Transport,3.0133695144780424,2,Vegetarian,5.00717459141711,731.1640078795457,64.77911051607583,2483.848007161321,42.784057062705294,8.514386963311143,Diesel,1994.3205518166767
Car,46.72180134027572,3,Vegetarian,13.386308327270033,810.1365437818424,27.250113018395574,3354.093909398942,33.0632954859542,9.062542367378683,Diesel,2363.6345901054365
Walk,17.58113436198172,1,Meat-based,17.76544393023012,415.87806153348225,177.51261436323827,3985.148386741925,9.031856029907303,5.063716735451454,None,3266.1069475887566
Bike,5.071041422460826,2,Meat-based,9.198839025879256,464.1883674836952,94.15247847752059,652.0511792671189,56.265411967130916,5.9410463827542515,Petrol,1490.263569734837
Bike,24.29358795931628,1,Meat-based,12.139462325485308,454.31369739155156,175.62303939714027,3169.2019798721044,47.90407256746136,7.081473345985572,Hybrid,2860.8223866558546
Public Transport,12.838828386025398,1,Vegetarian,3.769997055911223,272.68586596405135,117.17042448663366,1340.2984734381694,10.455445815102426,8.327586684527141,Hybrid,1437.6275298579328
Public Transport,14.243645098096142,2,Meat-based,16.09933667763371,155.09499232921482,134.83842332300014,2056.7728303844133,61.24895070970834,1.2151116953766616,Petrol,2082.30650663591
Car,15.364498246314328,3,Meat-based,19.346562227069395,631.8244835445041,160.85223087569,2065.858997698474,73.79531202529385,8.100693082292276,None,2803.1367718634037
Car,40.15129489163317,2,Meat-based,5.371978658291949,990.2950150785275,131.83110892002688,2610.7715309951914,76.72783010536483,4.812761505116168,Petrol,2916.192998100189
Bike,26.958063833762726,0,Meat-based,9.896519032010927,250.14673445523655,79.61096813578754,2003.6138534427803,90.53731882624274,4.50623425108169,Petrol,1650.6187559976413
Bike,15.565384957800182,3,Vegan,1.722322210127476,142.01633790934636,102.72667678573019,983.125033028005,40.94707418887772,4.238997519969983,Hybrid,1106.461299189871
Walk,30.51668916554592,2,Vegetarian,11.182733129259368,801.5785136415396,160.60910493517596,1155.3293233645313,95.3072768622137,5.0921158524604255,Diesel,2069.6307863841853
Walk,35.80753371115968,2,Vegan,10.055668836933611,327.32740601625176,74.73005927459684,650.4709350249395,86.5429405082686,9.450505533946036,Diesel,1024.148608956053
Public Transport,13.631200036676688,0,Vegetarian,2.888729683101552,846.6794248176355,77.62429135369942,2616.1208839793944,29.650157102393905,5.482037727921516,Diesel,2166.0486349821313
Bike,20.677455076267577,4,Vegetarian,8.8413242623615,733.5430003310639,19.13802321160023,4795.014626838449,15.928303734945848,9.531775382631393,None,2605.001402627445
Walk,6.0943046668473775,2,Vegetarian,6.682093041731266,951.1061833457242,182.91688704434955,1020.5385064165245,43.53893961280134,1.8029013061564059,Petrol,2263.367860399071
Bike,9.057467476734015,2,Meat-based,10.436617506103786,468.0345121810048,18.207262989088346,4758.190218513869,40.18987079559666,7.241359788326331,Hybrid,2572.0906219386848
Car,34.05589269824914,1,Meat-based,11.713086708575984,695.7728555055708,129.64183548971118,3800.126816294421,57.57193053312043,8.122395386087472,Petrol,3194.9093212263774
Public Transport,9.071917384781347,2,Meat-based,0.16991157214419017,518.3693027319437,82.63889576055954,3368.7446132037344,58.3386232327748,6.791288313348619,Diesel,2199.634612217936
Car,26.258169183353008,2,Meat-based,15.220119658991107,667.5298275776892,81.12387805108847,3403.749898956033,74.99869843799752,6.069222802265404,Diesel,2829.9811749988703
Walk,35.452313086121634,2,Meat-based,14.260285837234816,504.6390154069636,135.91036731453678,4220.27441778327,50.98899482056102,5.648127810861823,Diesel,3133.648222483111
Public Transport,5.343846154737192,4,Vegetarian,7.325727724130444,269.76902178166733,13.418746525975745,981.1393897091962,10.482264094076555,8.60930482578696,Diesel,818.9625788573452
Car,28.365610981445176,0,Meat-based,1.0587187113763652,557.1076744030428,118.74115659028692,2771.3944560449377,85.8291335553106,8.216465971645,Diesel,2299.006353472358
Public Transport,12.828139185068189,1,Vegetarian,15.098650795701008,575.7257812936981,154.40635719447096,3636.9101221734136,30.976458318518706,1.2228872118059952,None,2671.4134686535567
Public Transport,48.14634376187899,4,Meat-based,19.10350320956265,829.543463434145,165.64255157731884,3140.6920028310365,97.1297460306592,8.48587657030878,Diesel,3447.277774630449
Car,24.177282335996235,0,Vegetarian,4.803031920440284,761.9686352142231,34.10607787875506,4247.505819604826,11.786010867977016,4.140686194404425,None,2403.2767918805353
Car,40.299627488757906,0,Meat-based,6.470492274740758,697.4124615472997,179.48381001563473,825.2226905510818,95.82511722325032,2.536968299958108,Petrol,2243.241597897865
Public Transport,27.511327107813088,3,Vegetarian,3.676257789636299,202.04838599731528,131.22921836948845,3608.1546777462468,9.101180688251699,8.697685680139259,Diesel,2305.2104685465074
Public Transport,2.170626642740958,0,Vegetarian,11.538722466896793,748.5546615973435,176.37096016413656,2903.12478673123,23.103613794705947,4.320247996337416,None,2679.3267971609553
Bike,31.657568779701116,1,Meat-based,3.096827892949099,550.2746407190633,97.05614342203965,2206.2238879097454,4.657994208654159,8.083646901768166,Petrol,1960.0710324114925
Public Transport,47.570167110332854,0,Vegan,7.123878869227589,904.6895824955433,108.4066690194404,2031.2374200531387,70.5113146638995,2.634036119558445,None,2175.82580905529
Bike,30.08059100731656,1,Meat-based,13.940260278685258,927.8838407174885,183.80765540573424,3293.746847483868,85.02987365717918,0.03929321422217802,None,3383.4762369853242
Public Transport,40.95944297133951,2,Meat-based,11.202319660186967,149.6409315416069,179.98190867093436,4509.479185899192,43.40710818159804,4.954591929029444,Hybrid,3094.6420880252067
Public Transport,44.21032316742039,2,Meat-based,7.729251286558705,838.5774043190308,89.6321746738004,2732.791667455019,92.85220750424297,1.0022825664288426,Diesel,2508.670351947949
Bike,11.403988597446624,1,Meat-based,8.404992036150837,133.92765138040355,54.88252632713635,4211.2542383461405,59.029907175559956,7.543759555249096,Hybrid,2190.092374950796
Public Transport,10.602241995411333,2,Meat-based,11.24221765246459,430.45266312552036,78.63408691285284,2309.703718297854,63.00071354465232,2.760751360694104,None,1999.200413434516
Car,30.549049442549585,3,Vegan,0.11729455774322606,588.0699780589712,77.55286570594994,960.7750825692945,84.54192017007699,4.436456466034787,None,1374.9475178842545
Car,20.551423490335235,0,Meat-based,1.570197369072197,233.2907187644147,57.37337499655879,776.7758140638734,29.68002050518389,0.8703356509155424,Hybrid,888.5704772816044
Bike,41.99306514333602,3,Meat-based,17.625161355260232,771.6824313121691,53.715920866593315,731.004670956549,35.42657213276258,2.866592484472527,Hybrid,1818.5836514395844
Public Transport,45.00115616990056,1,Meat-based,1.5575797818258152,107.51923375492471,172.21258729594388,2210.6756388095146,90.59519191946444,7.81490243258572,Diesel,1949.1922868474846
Public Transport,17.671068965135905,4,Vegetarian,14.136071924210103,251.73914359063315,13.972384136932337,2017.5698787612894,90.09634960387638,1.5158791190231946,Petrol,1126.6018200964677
Car,11.843527948724104,5,Meat-based,18.400763282181053,622.7171468681281,135.52223641991884,3730.716606301563,97.64827762008709,6.471595611269574,Electric,3256.830988283353
Car,39.026275762193094,1,Meat-based,5.413672086034622,742.9488058335631,34.56401029129046,3842.696757131896,90.18383164416711,9.174258528045012,Diesel,2581.396437670668
Car,13.740301777406804,1,Meat-based,7.409828741190285,924.9787924245245,68.90117867881264,728.8428597518292,12.73720360333609,6.798367597577203,Petrol,1806.4593433707173
Car,41.13071592568392,4,Meat-based,11.378428116894327,734.9469867411615,12.308606826967372,1495.0546830005674,82.37242861369873,8.110216892922269,Hybrid,1796.0809719073484
Public Transport,21.18691268243814,1,Vegan,17.634179392771692,704.6013432293794,53.99472737109241,1734.1783257150487,40.9838478109594,1.089716293039158,None,1587.541715609457
Car,33.37749496457352,1,Meat-based,18.838111745208405,454.9070317155979,153.68421422344844,2964.253928642642,99.08013559459378,2.5073182600205444,None,2817.3830960568157
Public Transport,4.776765691733409,3,Meat-based,14.79126496222536,101.15598297412127,177.00306490945172,1150.3185075812762,47.22809643288011,8.94538852240591,None,1967.6416972841084
Walk,31.19296623382865,2,Meat-based,1.7323952170938806,208.14333286205976,44.30543038047341,1102.7354873000018,55.38360825022206,7.151056136180892,None,956.8106248315981
Car,22.588383936861455,0,Meat-based,13.383083110697015,581.0990902804352,92.70956785178437,4747.050001435811,52.97749152567985,6.395538263773112,Petrol,3193.7296716829983
Public Transport,29.330423158773705,1,Vegan,8.20607443745324,707.6168972599777,94.06480958744127,4118.913082840014,32.17370298582778,6.637667361217,Petrol,2681.7924871867644
Bike,8.400710387243171,2,Meat-based,9.414019989821231,475.7034555068162,174.71506115194683,1312.9470594102663,7.502208889291817,4.142005543046434,Petrol,2156.3441422391834
Car,36.843687247209104,1,Meat-based,0.9829678069035408,757.6111103755512,152.5598105751611,2329.5551355747093,89.56512304019185,0.4455663161765322,None,2373.2623591593997
Public Transport,43.13985387716143,4,Meat-based,3.8212427869271637,569.676065798961,102.61544367360997,2100.298996659045,80.26758125262869,7.84441542070729,None,2088.1507062102023
Bike,10.836990004538782,3,Meat-based,15.810272150672954,166.758576034881,134.14944009435467,4059.518333294333,13.952678055966928,6.787132362153539,None,2826.9564595147194
Walk,4.785727776008086,0,Vegetarian,9.079176660957195,272.8146258711539,169.47101078187336,2795.9581241515493,77.67682713500729,4.728044641127247,None,2164.3158502605183
Car,1.1819293023168198,2,Meat-based,6.033244832622977,855.9984009195487,1.9077908051089887,1075.3238164706017,62.584666605061,8.997596153682574,Diesel,1446.9598547146204
Walk,32.0985750221633,4,Vegan,7.680381479299163,752.4214719619955,80.57800621000972,3825.4642842030976,40.91437879176223,3.3615966498509886,Petrol,2563.8867754458215
Public Transport,30.35470180443904,2,Meat-based,17.087990266513604,905.2857883112455,181.44863345541575,2285.995902012135,25.40211490955627,2.943217442312359,Petrol,3156.8288731322427
Car,27.334870635703503,1,Meat-based,14.979980348099138,205.80152420884292,148.06260616879027,1683.1591143446617,85.97287835022325,8.727963250794428,Hybrid,2103.642657151952
Public Transport,11.597354805798771,2,Meat-based,5.4463079436216555,991.2002811535665,108.56827486681493,2189.743799093241,70.01882592940531,7.9698765475898545,Electric,2510.306057631191
Walk,19.545299795275735,2,Meat-based,2.350036804247466,288.46604255494026,105.92890540702669,2739.9045362310335,54.773990946913685,5.1497981064834475,Diesel,1931.6693122941842
Public Transport,29.72381675930865,2,Meat-based,5.039964432881434,110.60188865797781,69.55401952088755,2044.0198238765424,60.95685338984641,1.3073473945784997,Petrol,1406.7594169320873
Car,24.83834294295847,1,Meat-based,18.415129021094675,997.6806451481988,104.10410672830291,1588.5759766629103,9.106618208218098,2.1507147146505243,Diesel,2658.523373911438
Public Transport,49.38927601074437,0,Meat-based,11.631776756995107,352.9664969006018,131.07663989269065,2293.2591296179116,47.39197609111919,6.562279904088067,Diesel,2238.3533803132877
Car,6.8219876278366565,3,Vegetarian,10.669604174895657,701.2175072613039,83.67260768575862,586.2780983745421,19.3700292785702,3.8504123784041164,Petrol,1422.3164968510157
Car,34.75722770237969,6,Vegetarian,11.92787199384923,259.0140827586747,142.8306292784348,3976.2403074334125,20.838367900882538,8.364731916659712,Petrol,2725.3287797356265
Car,20.215938405214608,1,Vegetarian,7.320565314930305,622.2056789792275,172.24644545207718,1269.252021054136,66.13039622868668,9.499550093322041,Petrol,2100.225088575404
Car,21.409980746280738,2,Meat-based,16.142140406390254,913.6314878091033,30.936969636972233,697.5707613378676,91.1256151834288,8.056369252749182,Petrol,1873.3047358641402
Car,35.87988828290881,2,Vegan,10.465724986004997,388.1630506855947,90.30940456348489,3441.6441180728566,40.375661047834654,3.775454229955572,None,2106.657085301364
Car,34.62180756621848,2,Meat-based,2.334958055375911,703.2285784399232,81.60401825701622,3982.712579706525,20.774927301219037,7.8868642923142405,Petrol,2786.1001076864513
Public Transport,49.56279968510942,2,Meat-based,2.581302496581259,269.11322991857486,137.49296080994563,4162.2310921677945,64.87469372366542,3.5144167347068347,Diesel,2623.6205175560362
Car,6.419714472706262,2,Meat-based,10.737182930052366,662.3158588468527,49.97349305158587,2720.7913219726997,87.11870463503178,1.671000877656339,None,2172.7402779684094
Car,5.205482469208317,1,Meat-based,18.731404361416782,402.80531663575914,128.05018299045526,1424.1568311049339,74.83188011224908,0.33393204865857395,None,2082.685845135992
Bike,36.216940856437056,4,Meat-based,6.167042433523974,290.0874327291565,175.49784834629762,3817.5245476242203,86.87572305365872,3.8571671276102,None,2815.8408068538993
Public Transport,28.919345850320454,3,Vegan,17.390823377184365,381.86384563327164,83.62631995872454,3648.708847194517,53.655467101079935,9.035593036972818,Petrol,2220.2785405082773
Public Transport,13.708033327990293,0,Meat-based,15.281911731577587,260.9569616570194,182.203139995844,1608.2183034642796,75.1876244369191,2.389865877556765,Electric,2213.0250343973876
Car,3.9709684494493303,2,Meat-based,4.956248858138137,911.7244970540945,198.6327477866957,4565.334901382568,14.006455935893648,2.06513164929784,Petrol,3704.6363785391113
Car,4.282912479821527,2,Vegetarian,0.7268149663248491,457.46819768541593,21.218409989590413,969.6715613727305,34.82746153631915,9.698207852410404,Petrol,1006.2096783446957
Car,44.70954373320591,3,Meat-based,2.0369453028476547,320.7513744769306,46.61063759697173,4922.097078160966,38.95491644815225,0.2500411285059212,None,2391.4117371963825
Car,9.593366235937145,1,Meat-based,14.569878676948804,503.5670569143396,190.07595029641863,4371.115149398591,51.12957462460346,7.857821503937544,Diesel,3508.1123662364644
Car,16.16857810577604,2,Meat-based,3.993394760812934,388.482550125846,191.66553729627736,3595.5439046558386,92.90763602568236,3.2136995574087033,Hybrid,2837.237673206846
Car,11.3328201113494,0,Vegetarian,7.425418410107875,769.9773284319933,19.5414550773517,4724.374497259248,87.42965602221743,0.37487956869659333,Hybrid,2491.6948480184283
Car,17.749815291596864,3,Meat-based,10.033983320128497,974.0979206969449,2.999700075427336,3750.400257456685,13.452549228918453,9.178025402095836,Petrol,2705.9018107868496
Car,3.4711921373046684,3,Vegetarian,14.509363369003257,494.2302910278821,32.22000465128445,1357.0564866352065,17.27896518824632,1.396423302095836,Diesel,1197.4363501330004
Public Transport,25.95298954541352,2,Vegetarian,2.2646244651825076,874.9300599750163,199.20255667644966,2489.702621507653,35.76405495889114,5.517792837256954,None,2842.136061975036
Car,3.380628179610745,0,Meat-based,8.12732810554923,609.2767662036576,35.99992332213737,821.7636094923591,29.07438658906739,2.740542074295478,None,1286.2583124354855
Car,40.01782539111808,3,Meat-based,9.701458182853909,241.51209858481013,100.50952134440463,2253.4584002965194,61.47709531562623,0.6519280218469103,None,1880.051747464548
Public Transport,11.68560409552165,2,Meat-based,10.816541279430794,721.5604678732074,169.6835452861022,3837.213588817439,90.2776047764545,0.4992248566337909,Petrol,3260.3075106811402
Public Transport,27.00059573022553,4,Vegan,16.367212827904332,562.0910474132381,4.080322137641268,2238.9950791886786,96.22915416725868,1.155566988363388,Petrol,1434.6201782808885
Car,44.00395437807291,1,Meat-based,3.433563900864338,685.5458709268931,120.8977964516919,1986.3237896066034,65.36029525352265,0.7136701388938005,Petrol,2278.4031811812324
Bike,32.54386845235971,3,Meat-based,16.156629036532447,900.7186713144985,55.405089773924864,3179.1007512964034,83.81592014010867,7.605581155199229,Petrol,2787.7737640829796
Public Transport,26.647889327566766,2,Vegetarian,13.857568553933044,496.3911135904415,172.4669832879463,4424.9203804950275,52.52022002307971,4.8556620228342915,None,3026.3904507812945
Car,16.21668765576878,4,Meat-based,11.117416283979187,911.0598608956201,56.692229852815835,714.124366457506,20.832694686003972,3.428920913489797,Diesel,1862.392868446115
Bike,16.650095652909897,0,Vegan,13.990557408051439,775.6021128534894,137.35114405638177,2234.6169561488095,52.46884120934774,4.183689101320072,None,2245.7101531989265
Walk,33.474347759909506,2,Meat-based,8.240354779033128,539.7444332901863,134.84392648947937,1212.083338168682,55.508260143765106,9.289467355726233,Petrol,1965.2381782139585
Car,49.706968061058376,1,Meat-based,2.7679517193624914,642.8999220921673,44.298709771928,3629.094128293413,74.24575642135565,9.107518127381471,Electric,2306.3367909792178
Car,33.09195949246893,1,Vegetarian,13.315304805307346,393.02301926711027,6.959839973670023,975.7605219401069,21.98829897073491,7.156764801225769,Hybrid,883.200373923709
Bike,27.889170868501246,1,Vegetarian,10.493446133712446,985.2375697648968,81.84991475707946,3491.6349136111003,36.83103820867317,8.846823774216878,Diesel,2650.0279693249668
Public Transport,36.532525511962305,0,Vegetarian,12.78749601085551,700.6160467453564,57.83863039317394,1787.813918590583,36.40274692145663,3.196480275876248,None,1640.097250700343
Car,23.26028061418591,1,Vegan,6.759975620569801,139.4621672469669,161.7955499227417,1395.1256618175112,95.94395957411649,3.8110932600828287,Petrol,1608.5250945062294
Car,3.0071171300392607,2,Meat-based,18.137331546796716,393.9597151732079,160.07283769106905,4713.586510212434,44.394496032671896,6.137121818542281,None,3438.498963523587
Car,28.11484079389549,3,Meat-based,11.74739737151154,660.9829903831518,91.4047904385251,583.3605953568014,75.50939672981465,6.236259472972642,None,1726.9789662539667
Public Transport,47.88126422526901,5,Vegan,1.7080496858174765,150.69995001931582,121.30244506464378,2469.99772350306,75.0811381374439,4.81699838012341,Petrol,1825.6483933109578
Public Transport,8.765147117882982,3,Vegan,8.996079814088574,121.49577218722848,120.85190319738504,597.321466078072,26.554418480324138,4.006578484379533,None,1059.1234432604913
Car,34.50024454103329,2,Meat-based,15.127121094872686,505.0218155750223,165.43162968552468,2676.1687164694804,57.18696893717321,9.861803116086952,Petrol,2944.1281724068376
Public Transport,10.046684432952823,4,Meat-based,15.882691234645447,399.42116172340303,85.0004828246395,2754.713200074882,89.43028933186481,8.211236261177245,Diesel,2365.5346609555722
Public Transport,26.791384223654063,3,Vegetarian,9.891941055275176,494.4687472298493,55.08933595810181,1947.4811212763616,47.51977194569494,4.349801978880452,None,1551.339561564436
Car,4.8338224823359806,2,Vegetarian,17.89495141662602,336.42397889200464,53.006983628109495,1094.7279988626065,94.5117507342546,7.272924772395685,None,1065.804910310055
Car,22.518546812909257,1,Meat-based,5.353368743885952,248.24597224868282,107.23845585644082,2193.743919805139,21.44582293241616,2.6956169325245947,Petrol,1849.060834806339
Public Transport,37.80816644476231,1,Vegetarian,8.211973944765331,720.229021282304,89.82964054644252,3525.183229696547,7.415910577403073,1.0016932623732988,Petrol,2444.589877897244
Bike,17.378576211949103,4,Vegan,17.971938211379403,563.1140046410205,88.02415419698724,4020.7811389000663,89.14538731447493,3.524310255527406,Petrol,2491.391298162892
Public Transport,33.2455862243609,5,Meat-based,17.92513432943158,280.13879012443016,18.227467817941445,2888.3777107466403,84.76811979622167,4.029728001233942,Petrol,2019.2804259513084
Public Transport,39.77249803948646,1,Meat-based,13.714255376493618,387.6304836339985,143.7207481380391,3154.2547749789,99.25898759338448,0.16537124560670802,Diesel,2655.1900274072714
Car,46.358890973972635,3,Meat-based,17.179610942444402,632.6271168969934,42.74733759638214,1402.773670060937,67.93934881124261,8.14792001635896,None,1886.1071923016452
Public Transport,11.732104092772676,2,Meat-based,1.7754653391246533,165.00641344523007,39.39072604174427,1792.9864995244225,93.66879266671495,3.591934023891815,Petrol,1116.4853359711772
Public Transport,19.965795790465407,1,Meat-based,17.299899524155528,232.7077083395616,82.5516640554787,1228.530245235613,82.69490250841109,5.80418165780147,Petrol,1631.0931392694931
Car,7.620800666520871,2,Vegetarian,6.412398131004535,165.9210436966511,45.55566832356028,1621.8290750207511,84.44263331200868,0.7396318727095597,Petrol,1047.1332123333937
Car,49.62417510791876,1,Meat-based,3.5666302485643264,831.085599442707,116.77165346160308,1511.990511014893,56.914157045426826,1.7499682875058398,Petrol,2255.1470509180454
Car,46.35004839621477,2,Vegetarian,4.787396726840926,777.1683098908084,74.2926678668943,2837.519538760569,38.23645979167109,8.896937253275599,Petrol,2405.81578363423
Car,26.99785651402798,1,Vegetarian,8.359370160277741,777.9816386913313,89.78234451855802,3032.099401058282,93.45580725432818,6.086875278828008,Petrol,2426.0782563371577
Car,42.10166471882106,0,Meat-based,5.023840092089344,744.6928091284252,107.43386432080577,4752.26339369677,43.211717561589445,9.502840501704856,None,3123.097585958728
Car,26.04789886360211,2,Meat-based,6.41135172032998,702.4468813028823,40.70710449636097,1380.0679119568538,53.881936724966906,9.987500343913169,Electric,1657.6930756160245
Car,31.179284400137984,1,Meat-based,2.699569721432842,529.2927238403574,31.15032457310596,3387.540695726732,44.611430712518775,3.718601153330944,Diesel,2073.4143476155523
Car,4.456221605800831,2,Meat-based,5.92353531117997,678.0503471564035,176.08438057472097,4177.666710443853,56.48183139601971,2.988030640832746,None,3248.243352070388
Bike,37.763521024840394,3,Vegetarian,11.445676290840023,134.52539930917717,86.74474056628421,3021.0865870237362,47.05050789923272,8.583560551590967,Petrol,1766.2509885716713
Public Transport,6.3856741817617415,0,Vegetarian,8.83707416182128,659.3179803911062,82.41872192650783,1647.5164362548408,4.796755857947588,9.986114270374543,Diesel,1706.3026313672601
Public Transport,41.303381512626416,0,Meat-based,6.934375224718224,800.0899349831894,7.122430054568296,1681.476035090001,88.20481860076987,6.296412342324573,Diesel,1630.118309689608
Bike,39.101404383519295,2,Meat-based,14.92904257714228,550.3225243459513,99.59526051747865,676.6387388194996,44.43938189157698,7.951407225115224,Diesel,1776.296037168193
Public Transport,35.43723488714882,1,Meat-based,17.870199427866357,421.7619955845132,110.83394432220001,1874.4990194681677,58.894364850734874,7.8174585881527445,Petrol,2227.7076559856478
Car,1.8080190262381057,2,Meat-based,15.13578445804794,349.6840613208812,111.7681741909333,3850.7165555152105,13.918780275798703,3.5533970821954695,Petrol,2753.734789830516
Public Transport,15.15641779726643,3,Meat-based,6.640014042353584,678.5218451458742,141.40623386457688,713.8299074319967,0.3387847982639136,5.7427038025708725,None,1929.9556263943116
Public Transport,13.155628495542143,2,Meat-based,14.888843356751075,723.5210787669179,35.496366998202355,1486.8287712717379,24.529009364364295,8.330569412642136,None,1895.6476632745694
Public Transport,18.006820373575955,3,Vegan,3.039603649481024,883.8708398762883,50.44462684612376,3678.046243393019,70.45860321333502,6.881138762610554,Petrol,2491.396624782664
Public Transport,4.382137338191927,3,Meat-based,2.6063597618258183,408.1006742148917,162.14609304608254,4021.932032702945,9.91945301128786,0.2116381398203826,Hybrid,2790.046307365009
Car,46.84789115155314,3,Meat-based,6.912540740723179,792.795076647027,189.4341233686788,2548.932845278678,90.88874403864679,3.3670566889753353,Hybrid,2992.768222800286
Car,27.690112035618814,2,Vegetarian,16.15404738088114,605.2202417704041,27.186549473464126,3641.3345231539197,21.50225693561846,1.4447569659460535,Hybrid,2090.3787021296844
Car,15.276215532901178,0,Meat-based,4.926964944846038,894.5528416102712,99.52991090104364,2245.784758947014,20.45936142917758,2.329722120780391,Diesel,2347.446910220432
Public Transport,19.849075853714172,2,Vegetarian,1.2650681779735917,575.0308974660586,42.83525054791737,1219.6096026085738,18.15079616214955,9.054894774913256,Hybrid,1314.9949247710429
Public Transport,22.360127025241784,2,Meat-based,2.6341907041271018,565.8668455581706,12.014633670996488,2291.672720853079,1.3981712971364746,0.3689328891076815,Petrol,1537.7807059240033
Car,30.029716668030865,2,Vegan,17.174899370591604,620.0893732968182,65.10066762522709,3109.855190914143,77.18054684782346,2.1980071196192377,None,2057.164275996933
Walk,25.783971384824888,3,Meat-based,12.675665694945753,774.383819628191,28.73752503684255,4766.239768338006,87.50345312452585,3.0956935223823145,Petrol,2963.5007476833302
Public Transport,45.96959866072087,1,Vegetarian,5.064023267399533,968.2214309456149,141.98661468684926,809.379284399048,61.416270261619886,6.168840719663948,None,2041.1232440107915
Car,24.848174145291512,2,Meat-based,11.105916506563627,166.20701879418908,106.74508273428889,2783.2734223023226,18.819998167986228,5.341016900858655,None,2077.1758328627157
Car,49.607900741165636,0,Vegetarian,10.551592448507009,148.09114215191545,28.766894198062175,1980.1390019482596,28.527799694087975,2.1826948285338608,Petrol,1216.4120867235915
Car,42.571247887254785,0,Vegetarian,13.108719568813225,943.7953036666047,1.8483176811028734,2787.4026242451255,47.592669736496326,1.6424106722315446,None,1871.1755689032618
Car,10.42552571786679,2,Meat-based,4.663751088432326,576.8880629663855,161.63140980484255,607.8895131943925,95.43459516233008,2.367980345961188,None,1788.4805037911576
Car,46.52976073219581,3,Meat-based,17.288059743887953,653.4127131102425,35.23888123284951,1908.614096157116,24.73513718177428,5.0252962670165555,Petrol,2221.3118863953077
Car,5.818319894273804,1,Vegetarian,6.187371241600257,534.181241435256,121.24332844415319,4189.406663871523,73.16459039198881,2.7117778571120343,Petrol,2667.8429161464232
Car,40.87248542455958,1,Vegetarian,13.882633079524737,184.29170734672704,67.38438261534911,2992.7378023458687,43.94482232929203,9.476025016077221,Diesel,1813.6204891585157
Car,19.031164673829004,4,Meat-based,0.3224929274442978,791.2804405767998,117.09718766300712,2527.6212176725285,29.78473483600218,4.638652214288475,None,2366.1964499656083
Bike,43.898716022253474,1,Meat-based,7.453142597882945,772.5021805797282,63.130725396464804,1784.8628227190281,45.59159370221138,0.5879601654463706,Diesel,1902.236330763712
Car,43.40283450537252,2,Meat-based,7.034196359176166,380.5329893435308,17.387912138450833,1841.1913525611017,7.120671754123253,7.292664058366334,Petrol,1562.6883404208972
Public Transport,40.296270005881055,0,Vegetarian,10.86968857166029,375.61532070556035,44.59000171155072,2223.95645115763,79.86873709303624,3.288452882089896,Diesel,1423.6193732714787
Public Transport,39.50152181535307,4,Meat-based,1.45472523554393,854.0572428149667,37.61171329581512,4260.068194840522,24.330192798296714,6.534889320582476,Petrol,2691.8806230462733
Walk,15.23395695490204,3,Vegetarian,15.802627474522167,165.12153196719396,85.60387048792877,4852.459430637207,72.54121231929705,2.79594370523232,Diesel,2391.922977992709
Car,4.045964152562609,2,Vegetarian,4.355616035351371,892.9946335209092,131.65675668523147,2473.9492160766854,6.834837144819472,5.707437417333199,None,2480.3243390559082
Car,20.149008938258074,2,Meat-based,13.540756297640204,330.995520906323,52.76121498927151,2270.087774364928,95.5098556165686,7.721525048074646,Diesel,1911.0401079840324
Walk,8.676225749325434,3,Meat-based,16.064242464881865,633.6862729799445,2.41398706012359,4309.478491189382,19.30149854056986,9.28008741774554,None,2671.4250368822677
Bike,34.747554445123086,3,Meat-based,11.237539124830263,942.3947611015999,103.78747285295138,2421.073942863366,88.27420762070804,2.6112714443307707,None,2650.872684066088
Bike,17.304986326889278,1,Vegetarian,14.81766413443971,710.3102513829818,121.15189787179442,2984.0817753304304,80.94732096154344,3.3485695099898116,Diesel,2387.417021395113
Car,48.78051004299574,3,Meat-based,13.237206244300111,472.98683122033293,192.57409880036192,1539.2374906943498,96.7859924081416,4.642664202859397,Petrol,2654.2310154980996
Car,32.0486038672666,3,Meat-based,7.110595943040153,720.5807880148736,117.89416061864937,3845.7614110058385,47.78906609457496,9.271748377359888,None,2959.2000451673716
Public Transport,41.124028181718046,0,Meat-based,16.177170780671307,409.5816726847332,94.23451187562837,2893.9474322185183,72.73972938459515,9.01386856810657,None,2431.8755606533045
Walk,6.6262336370924215,4,Vegetarian,5.894027397710559,349.5325747142675,114.68032517954076,4140.655476081538,37.0710657037784,0.8987828010063803,Hybrid,2476.7453421540936
Public Transport,43.10072411363113,4,Vegetarian,11.424258355030343,997.0149501412118,185.5801259724054,4013.2972851290137,18.436823801969382,1.3192982575381085,Petrol,3453.9416940315086
Public Transport,46.13785952566972,2,Meat-based,14.90795478283079,775.711208061809,165.67562912032926,1467.5214572151285,44.30759329334488,4.955091773306383,Petrol,2636.4807229272515
Car,24.353095940946794,2,Meat-based,7.5791181962501515,680.2479796436359,64.5957466727616,3720.359977509931,16.574901538845488,1.066192728054235,None,2536.211049101115
Bike,30.312646887548873,2,Vegetarian,6.055352152348501,419.7606788973869,47.45087273142745,4100.244835781172,98.20446227863839,3.4558087334869745,None,2141.502187991165
Car,38.24049004514977,0,Meat-based,9.186920203456454,144.24474623954333,52.526722473214726,2057.4825835207776,9.624649114071637,1.4838537821747766,Hybrid,1479.6863616290627
Car,8.741931363020628,2,Vegetarian,16.35926988698307,127.95118843164005,100.8842079430426,1276.7410080602353,58.92117234526204,6.360403551318859,None,1188.5020728603572
Public Transport,25.12830382317212,2,Meat-based,18.598435262913295,598.763129903919,148.80989024571556,511.8447001081468,62.64638552540559,9.494954317391617,Petrol,2154.8476580786114
Public Transport,19.933151388615656,3,Vegetarian,10.901668257197803,785.8294489351459,100.64384143659242,2529.066438919167,53.80795428740542,9.967337702943816,None,2297.5330841111645
Car,7.318699608112455,0,Meat-based,13.229324106473037,583.6412713994696,13.559279165622517,2085.9472919247874,66.21858857118336,3.752411324969148,Petrol,1758.959839258353
Car,18.376721114576572,1,Meat-based,18.065472444778283,856.7065647452031,144.7161400879962,2997.09425221434,11.618077501189095,5.990126371146123,Petrol,3240.238696319601
Public Transport,3.4086154692746784,3,Vegetarian,1.9709370282588479,130.08387978389948,161.19402573419077,1346.1849166495358,55.501852420529104,8.562676535240813,Petrol,1576.9314789097427
Car,1.2905953474743492,3,Meat-based,4.641571557323301,430.0768687833461,57.89957302394393,4368.494964499138,28.721257112736154,1.1746207279638399,Petrol,2444.1476520895094
Public Transport,6.758314457741138,4,Meat-based,14.178000125031648,313.3633520567603,132.82514785667007,1659.8984703264935,94.01760633010566,6.895644110519649,Diesel,2094.813845110022
Car,48.15575557945869,0,Meat-based,16.474889238245993,502.54567134140984,85.31838021087867,1518.933222894425,76.20716534397258,4.088436617250682,Diesel,2096.4195827673457
Public Transport,27.476476794750848,3,Meat-based,17.140580566611558,165.13875387471023,177.82387114548857,2663.213254179602,97.25144821597426,2.061461602801641,Hybrid,2595.3456637060235
Public Transport,48.291108057661,1,Vegetarian,8.302143537098651,958.7184774139653,169.04511163214798,2744.829606849234,3.7556069740189546,4.0275361874744195,Hybrid,2846.4721859938395
Car,21.6248939165066,2,Vegetarian,1.7867980458373367,300.92986096242487,105.08639966192845,1467.8835295329177,28.51331751807087,0.7596028696491686,Hybrid,1445.2621820744362
Car,15.590806654262979,5,Vegetarian,8.755629545992399,930.0769979352262,138.3011091627189,1723.373270266621,19.5422586638349,6.954071485893057,None,2353.2082867871877
Car,25.307093142012206,0,Vegan,4.614691804141076,483.3038395330136,176.66994020442078,1263.6735761986022,1.11545873118305,2.527426687484531,None,1843.5920730267353
Car,21.975584431645505,1,Vegetarian,5.823929099932483,986.9717199296962,99.1434020156551,3733.0708024542505,24.232573024632142,3.11405645044878,Hybrid,2836.602366168897
Walk,5.283234213087196,3,Vegetarian,15.445351136750116,598.6525451141897,62.650148097764394,3965.4006406433687,67.8775983520429,1.2108129824146274,Diesel,2348.7705586949423
Car,32.04131573451031,3,Meat-based,1.5105417205177374,937.7495777582267,150.73322758191625,2580.478238566772,23.108892213456855,8.646591138898916,Hybrid,2799.8672716746214
Bike,10.80190912547998,1,Meat-based,16.55162434961404,104.81408982480056,44.01325095693836,3713.3916020825786,50.90034454826182,4.934442792827386,None,2136.8336466770484
Car,30.97939774489148,0,Vegetarian,8.553381716483381,773.4149255628101,77.7062296012084,3811.7092637185046,88.78181149649987,5.721468777864002,None,2495.2602424080023
Public Transport,32.51005461990767,3,Vegetarian,11.9212786220119,912.7455877922639,173.14544742135874,1122.2398745501387,69.37579203490752,5.694326830948546,Diesel,2288.104197266138
Bike,7.601242656432405,3,Meat-based,1.79304462471358,225.74851028105866,144.884468053863,4847.801111755415,39.462906990603194,4.104931145413417,None,2819.5698974391676
Public Transport,3.067481355533408,0,Vegetarian,6.747181567145592,186.51326655893632,80.76220104949985,4194.6437619339395,37.24689389121083,1.9252991543813947,None,2089.36561695186
Public Transport,39.03807930342199,2,Vegan,1.7940183802969156,482.11534646736004,42.94890048167148,1420.1755753812058,45.573581400848475,7.451327484984,None,1292.1475806684055
Public Transport,22.99002118846601,0,Vegetarian,19.230874457622193,940.3110155196416,71.1936781664473,1337.742660857316,17.704144105990636,1.2705626535767434,Diesel,1754.3584893803045
Car,2.9081897752737893,4,Meat-based,16.14523298652501,588.1479041713949,56.8208298454866,1065.4751551081224,63.40007674159881,1.038737902788105,Petrol,1760.811927746113
Walk,49.74331585848836,0,Meat-based,9.192655087129204,574.710817349559,35.217857588770784,1122.7035314386326,36.41528191046055,7.101450375965034,Petrol,1411.4743783523315
Bike,2.889028049818332,2,Meat-based,4.472050966473422,227.01350646938968,148.66658271313133,3866.728095629133,85.23653492620437,2.0883702045198382,Petrol,2531.547530378762
Walk,34.75176144292766,1,Meat-based,18.669102104997044,100.71055998389691,50.4139773700343,2613.444156282306,75.65526600578163,3.0677275135283235,Diesel,1822.2793751164802
Car,49.18394626317068,0,Meat-based,6.891931914539436,829.1260816709151,90.83349403355277,4023.2037773294023,61.05131640921601,4.752274670017402,Petrol,3080.9672337043103
Public Transport,11.959005210796281,1,Meat-based,3.219688633747495,178.8171066876144,77.17188936722181,3858.147024575924,36.420222264951605,4.493513167295462,Petrol,2084.5887572923984
Walk,7.112468434359808,2,Meat-based,11.263287769079097,670.4648368617916,196.41547572712616,3220.7572107734973,20.99318316734844,7.085791250649992,Petrol,3186.684478821743
Car,6.069246971121444,5,Meat-based,18.87548240689632,923.1548090636724,78.2184488296441,3588.649729604058,77.61518641056229,6.2343179344336095,Petrol,3205.496308103892
Car,15.163757378379778,1,Vegetarian,0.0766058100064515,287.7867218425879,15.996496559350959,582.6007597061381,48.64090989910865,6.443961622818657,Diesel,676.9776915474625
Public Transport,5.052290550532335,3,Vegan,4.762496865079974,698.7455526132197,17.965150514416806,1902.9994106225988,22.47500381773575,7.140543306554573,None,1517.597613056883
Public Transport,34.6080670847066,1,Meat-based,18.76895280820815,170.8287190367585,118.15074427061296,3370.199806667346,19.51746150400062,2.9261272742346534,None,2556.8301352247736
Bike,3.1145899065031344,5,Meat-based,3.421719337143241,643.3796294538516,119.87271034765313,542.0522906880989,16.540090450135903,3.2233331180047364,Diesel,1641.9336408937645
Car,25.471106407489486,2,Meat-based,2.264869032796397,247.53854885788246,83.75179809653099,648.3962465716703,77.7161196205595,4.379977478955541,Diesel,1125.690342124866
Bike,49.83484269264884,0,Meat-based,11.40374431599609,762.3582044636602,86.36873846240593,4333.495921116724,22.89871853003117,3.0746217303352608,Petrol,3013.894520559503
Car,40.69851347530094,1,Meat-based,17.236876465896596,371.1081653145174,10.786516568174243,3578.111877614323,52.66422635251975,9.849378689708635,Petrol,2382.654749286499
Car,30.760971911550545,2,Vegetarian,9.542196353878523,517.0519079241816,103.30930207785245,1694.1637990415477,45.15463609730565,8.140519264214296,None,1716.8118468632922
Car,15.312681039330583,0,Meat-based,19.891285133690495,639.4874878248595,100.94789507607034,3595.8327805341905,57.96108992282839,1.6465468825602958,Petrol,2997.5668679141286
Bike,31.194791814581922,1,Meat-based,13.583433990759858,254.14606959961563,29.90986371138891,4066.055011126685,87.71549003711942,0.055941558818695114,Hybrid,2205.3305038328167
Public Transport,26.35207319558258,3,Meat-based,1.4814981442089548,767.4740367558588,20.767877222185515,1880.5742739954558,86.77473900817306,0.4278326824726786,None,1611.9562314094412
Public Transport,21.304169194518575,0,Meat-based,19.856642633639506,372.3763065731331,24.7144981198981,662.1681987463435,45.107607182485964,2.440634510429253,Petrol,1286.3693664728469
Car,6.535518837009974,0,Meat-based,8.157884735603808,696.1346739214781,20.205649298251704,4697.506061094805,1.5366250734723308,1.1429128583685655,Petrol,2655.7630293784423
Bike,44.330210762023334,2,Vegetarian,5.748050676909651,242.45474562943627,121.94163910735196,2053.309272330337,42.64438057143032,5.333381148925721,Electric,1673.108953169739
Car,22.489232441066125,2,Meat-based,11.157583671557711,719.3058932857152,39.296530480583726,979.1679347811787,60.61935374241404,8.579952227273587,Hybrid,1666.2856641923702
Bike,9.731125591038253,2,Vegetarian,6.086151836417287,215.36926552941557,50.28603043749269,2713.355921269163,55.77647590980618,7.367502209132274,Petrol,1511.6703356205062
Public Transport,18.38796754386448,4,Meat-based,1.7291501424030464,482.82084664298526,34.71442883028794,3958.105080488602,65.13361058002054,2.156090630821904,Hybrid,2183.423795095428
Car,20.70648762644635,3,Meat-based,0.028566861583534386,322.4854663649892,191.5670608897006,1497.4129157790162,15.407573247308349,3.992992560257859,Diesel,2012.014411567931
Public Transport,41.37689477834371,1,Meat-based,8.991667058405246,773.5377244853643,170.9234926303671,1712.705225600135,64.65350987807325,5.078942095312776,None,2561.774729855665
Car,36.6807190280701,3,Meat-based,16.737268444531846,335.8315040561871,46.098967470304174,1592.2174405936241,18.265161874377224,8.102058495033354,Petrol,1840.5835443598025
Public Transport,38.46524468206699,1,Meat-based,11.44630371260153,893.5455757558566,65.5132587844252,4962.528737742552,75.0523980696749,8.391216031061647,None,3333.5065207757493
Public Transport,0.5515632214323607,3,Meat-based,19.984145978868817,902.6381902659515,41.97856846099943,1388.3168017874414,33.908761326268,9.09718311907776,Petrol,2210.0792350396932
Car,20.807699908988077,3,Vegetarian,5.736932912943999,276.7971837005073,98.37519189216475,3089.840976347558,70.98954333814535,5.092452505028752,Petrol,2045.663656281252
Bike,24.06720758176618,2,Meat-based,5.609101295201107,652.4613505069518,3.922106494850719,4663.69088745634,4.786559890610709,6.9427474643586295,Petrol,2505.310598216071
Car,0.9596138411528343,3,Meat-based,3.194989204678884,178.94587754796788,134.27360177935915,1161.0345599500065,40.78600255909134,1.1180037123393716,Diesel,1450.0321480595003
Public Transport,12.99066043725171,2,Meat-based,3.2812717653067036,452.3833896414663,104.63162996352833,4868.843890404651,70.50345222633328,5.6528895995398205,Petrol,2859.8942173505366
Walk,38.01449115610675,3,Vegetarian,5.703731920200957,741.989556551145,179.72778566022066,4763.64755478031,22.687051633149412,2.486918094711351,Diesel,3389.590217290332
Public Transport,6.8554852864499525,1,Meat-based,15.856800905470543,693.4809221649247,32.878536865682825,4480.573941762182,79.52870447972225,4.3171688502661105,None,2869.564031328807
Car,26.765506572629583,3,Meat-based,18.11513581272896,662.2306024659472,160.82184921222634,1465.50434598501,63.0779733104932,6.340505083067194,Diesel,2672.538258425783
Walk,10.760093600861875,2,Vegetarian,19.501743394153625,354.2867772961992,158.39220289334315,3353.247752049425,58.75617721497983,2.569859378537811,Diesel,2403.6656508683136
Public Transport,0.6060387321946636,4,Vegan,4.645793081929053,440.2224544909618,25.436237843377384,3924.0116283255807,35.35488542043371,0.5218505779676108,None,2002.2981483837866
Car,12.060072879977074,3,Vegetarian,17.625950912281834,192.65153023025755,79.71184482882552,4937.125676883934,48.24514703811176,0.10233856408757513,Petrol,2449.6552508217765
Car,48.79368774550269,1,Meat-based,6.565101785546741,747.1205383902409,34.03052822890338,1311.9071993661669,59.73493009778531,0.22159535544521547,Petrol,1732.7334295117412
Bike,40.07685559414948,1,Meat-based,2.2568108903376882,553.4999171121462,50.94410009150978,3947.116547836834,47.24621139148905,0.08349737513769662,None,2250.613421140023
Public Transport,47.97883221605167,2,Meat-based,17.400498510403313,737.8890691110892,52.64923496610887,2024.6052646720084,69.831332394056,1.1035505655787547,Diesel,2238.6418265532116
Public Transport,24.392702196318123,4,Vegetarian,12.722112692872372,324.0491723171855,111.24727880515455,1290.3190950560106,43.36969331069596,2.394887145701299,Petrol,1472.1759899805638
Bike,5.4868099338751755,2,Meat-based,3.2946179216212346,391.99440577155957,82.2821863520931,2396.1962354623474,20.227318174203035,2.212215141822992,Petrol,1791.7168447462336
Bike,27.397974448684646,3,Vegan,8.596625150260051,400.7938035341032,189.54656080126108,4072.2616046687735,21.393378280104724,9.867965941798968,Petrol,2925.0032308751133
Car,22.718866727998044,1,Meat-based,5.745153897541353,123.16816877249458,25.274028389401025,2591.8241166682346,0.5803768842941093,3.0600610520894325,Petrol,1460.9688911652827
Car,42.2178541369808,2,Meat-based,14.73589137420394,406.94308554756117,194.73842697003977,2918.853950913718,30.095771555867245,1.274207833593991,Petrol,3062.924689598757
Car,4.904129039212229,4,Vegetarian,9.06832461248536,822.9741161662301,46.12772804285279,4978.217345900545,74.89176404785196,5.455625441677579,None,2868.562278182988
Public Transport,24.41205685108891,4,Meat-based,19.7855989021277,907.5686461747647,154.5747872763706,2295.991848008417,79.41627088376096,8.579574553975084,None,3162.744567786095
Car,7.502433234699213,1,Vegetarian,1.0948996451919024,566.3964840723347,67.79398523456427,3269.3033961915794,20.246754209575002,6.780603767876752,Petrol,2131.495624303347
Public Transport,16.233796344503,3,Meat-based,7.1003053227249335,509.9515256972982,28.616279083462782,2143.5989072691737,95.90439968714077,2.960820891354503,Diesel,1669.5599195297332
Bike,36.86785386938998,0,Meat-based,9.638003342199548,127.74215682943323,171.577837049248,2267.5354084791725,50.24027934801267,5.61616159791455,None,2123.8100107206183
Bike,23.800906468438328,2,Meat-based,10.062671094966396,891.2839038268444,61.77217984729264,3630.3833905043366,91.69787490185027,7.148559742004092,Hybrid,2782.199532686627
Car,18.794414257288466,5,Vegetarian,6.3187164477127356,111.70919208328544,131.77108084536843,4720.491392426976,70.67652818616311,7.281044923677423,Petrol,2689.2785463026817
Bike,19.723813928501766,1,Vegan,14.584804981951361,950.2750721891906,113.28873701732532,2940.6152772154464,72.2433423022413,6.665384552976889,Diesel,2564.9904560814875
Car,22.97233842029933,2,Meat-based,17.494941469779494,540.2946238192816,94.35126187817487,3957.7996802695093,8.504362130607113,8.70810424775618,None,2965.5957278321825
Bike,39.25082719185284,2,Vegetarian,18.77438603955726,407.74104421725394,99.16389452970782,901.4295146763372,21.999112689693067,8.701054583441044,Electric,1324.3697392457937
Car,44.60423444701172,0,Meat-based,16.101867535990525,931.796591358394,146.4475828184575,1450.2111684436713,0.8814833294472635,5.789365594070032,None,2623.5472372458835
Car,47.76673432519642,3,Meat-based,17.011603946131988,121.95189379908706,17.554582824688115,2759.592384137896,71.61276404767375,4.298563691112123,Petrol,1924.936499413918
Bike,39.34516931276475,1,Vegetarian,11.01090601239991,623.2824053821784,133.63613239158104,590.0527563294866,34.443828842851,6.415702955650998,Petrol,1560.5548947875018
Car,15.770344787400637,4,Vegetarian,16.51776452853629,594.0392720494038,179.16242027971575,1637.8474044315146,78.66525160763467,8.182120013704631,Petrol,2275.1024934133206
Car,34.40673530432711,5,Meat-based,6.070078182959044,297.38836109024385,11.55763940397283,2828.3058042123475,33.893621993702624,0.05652104841184724,Petrol,1751.0051846901772
Public Transport,21.880156202769598,3,Meat-based,7.969575242184288,485.99868821518953,28.13066784673335,567.3253921533532,81.93337522988611,9.91997009014851,None,1161.34468530452
Public Transport,12.733531102302559,2,Meat-based,6.338260276370886,687.0376053493932,143.32638734040628,1690.4582880171877,13.0698253748313,1.8289377232919923,None,2231.9557720206253
Public Transport,42.04357897129613,0,Meat-based,9.347746708958509,754.4180771937348,87.45632964892351,2813.1386876414126,17.33731567575082,4.702489856599762,Petrol,2475.6838289013767
Public Transport,1.9213174481162498,3,Meat-based,5.711592324772727,100.6451728359218,80.70972416273767,3079.1716159156053,34.08765395839365,8.720297348428668,None,1883.2880126968237
Public Transport,45.08809960677117,1,Vegetarian,19.232228845088937,943.1680870819138,27.393326908847172,4665.882618748875,40.84873888822733,2.2504039904419937,None,2734.892055308929
Car,23.073873231236707,1,Meat-based,6.2568925601133625,248.07283515353114,101.35400814355762,3404.0553046277355,34.87028108429784,4.767952239003832,Petrol,2284.3132422572003
Car,31.86007384041402,1,Meat-based,1.9608907622187965,310.22239080012326,25.30906223927545,2366.311111384972,76.36470325232199,1.3258218018117918,Diesel,1446.5706481932857
Car,32.96769611028913,1,Vegetarian,10.536343321008268,337.1261011244634,95.32409126210808,4686.580297098805,9.695139262671471,3.950763253881926,Petrol,2650.5741662770824
Walk,44.75588703532682,2,Vegetarian,1.1419815689035273,134.0381228968318,152.72305979233133,4031.9734252450744,35.12170196384881,1.7713545479300252,Diesel,2408.380718067682
Public Transport,31.833484108360366,2,Vegetarian,2.2108633261716104,210.74691123129242,51.652871577432705,1400.0401450073641,83.72399995154593,3.63627748771157,Hybrid,1060.5754194330987
Public Transport,30.69667923800309,1,Vegetarian,4.387787783924926,987.7149306497458,96.15723363594546,1088.790626069689,6.679707726217199,3.73464216792722,Diesel,1881.9627110930242
Public Transport,3.332602028034498,0,Meat-based,9.287004997642834,383.6950636395575,198.40319387936714,3541.152360842298,94.23435076713574,9.931707895983328,Hybrid,2965.908574788602
Walk,25.920401097260203,5,Meat-based,8.665018646180558,203.7709813051444,137.33008467080745,3019.4742450964272,98.63168422720129,9.948130293037723,None,2377.0749893167254
Car,7.5084500408520825,0,Vegan,15.993837240055823,196.29213505716098,168.27135426103973,4053.531262067401,8.856817382508009,1.1478627866061242,None,2498.5546641809674
Public Transport,36.87168843607428,0,Vegetarian,14.789493077682268,747.5139709029747,82.96952131210915,3824.622725354089,29.127252225573695,7.259687793283472,Petrol,2558.761548754077
Public Transport,25.611096040633726,1,Meat-based,8.526365879814026,869.1117976293767,153.57218462517105,3313.4519023588177,37.24006660353562,0.5174547966910115,Petrol,3065.050802787069
Public Transport,34.01138896041766,1,Meat-based,6.674084151512599,331.2570695576229,8.101834588264367,4938.719772330015,77.6391368652726,0.30192015337188627,Petrol,2315.8229811696006
Car,2.0836450301192135,3,Meat-based,6.329375681229972,118.81856110171148,24.582236508448997,2901.153785496839,59.59268121167338,1.053338942449643,Diesel,1507.2266684358415
Bike,4.239600802290161,1,Vegetarian,15.47990174588018,300.78101660082024,40.614118584012424,1008.9759042577393,64.43657004925673,9.654856570079339,Petrol,935.5784786123808
Walk,35.81616940313411,0,Meat-based,1.0414481244253948,150.86412171708162,80.39038492304391,4227.231041671947,75.7509822818506,9.408635478946973,Diesel,2138.0389931568175
Public Transport,3.6042167999336683,1,Meat-based,0.2564329902121165,193.05544296703738,169.14897566515265,1633.3401305556904,11.797899943702571,1.9392782028068045,Petrol,1703.3870565865147
Public Transport,3.56283638826293,4,Vegetarian,15.910887838532961,488.35730786287814,69.2532101575861,3997.8596666476324,83.32094569102624,1.6167233555371152,Hybrid,2317.6153962141743
Walk,0.6054237617443725,2,Vegan,9.542927519780985,306.92653377546935,130.92423870309258,4806.981932000232,70.5619804180144,2.40535086515947,Electric,2714.2147695000226
Public Transport,47.82506991497401,0,Vegan,2.6176227710715194,564.3512906728811,141.86285896069668,3635.5798128395354,57.73417251963703,5.155469940751422,Hybrid,2621.1240188779116
Car,36.875417972950345,3,Vegetarian,4.711318691890025,328.14437793147135,117.23647081766828,3182.135724274105,88.97353347830567,5.697046320354099,None,2141.9353044781305
Public Transport,17.66257042510321,1,Meat-based,18.65007906194765,946.4835709926529,71.44839363402724,2571.7377905376825,70.03063538838072,2.2159343043944735,None,2714.6626997732224
Public Transport,14.82677906438276,1,Meat-based,17.19005951249796,915.349571133638,115.41066834270886,2139.8443969793148,20.16999626310254,7.5662278808994525,Petrol,2761.7810582939496
Public Transport,17.485161487292476,0,Meat-based,14.195701004479451,610.1254945094195,68.45311855794924,2088.5213793732632,42.97453810756667,3.0955316940265076,Diesel,2085.7813893664434
Public Transport,38.732676559059094,3,Meat-based,9.644504606746532,418.98159278864756,16.774747710402416,3363.6771756931576,49.404286693573326,9.221313255294103,Hybrid,2080.3114510110872
Walk,33.068530553520716,1,Meat-based,10.406472523827714,443.032193831262,198.5607956372029,3880.7290262198567,5.521762675040565,6.567227064567306,Diesel,3175.0316300822105
Walk,9.259778393373397,0,Meat-based,19.504890705679173,470.6670548300473,25.436490726502182,3553.326812679865,95.46375133600557,4.363511943036117,Hybrid,2366.0506589381635
Public Transport,8.705466766704218,2,Meat-based,19.31540887768574,754.8213899214496,14.469676767211471,1392.8454553710321,12.857726079687847,7.899120017028453,Diesel,1892.3922490027926
Car,4.919782485669866,3,Vegetarian,4.305380915716686,506.4750959669541,175.70614984143117,2722.94231064571,69.74612672267268,8.179146260466648,None,2470.0532586782315
Walk,33.015135985066905,1,Meat-based,16.222091326106362,871.0569518553077,60.36693217857903,4062.380324823783,50.62310360908802,2.9048160560894365,Petrol,3030.65721495673
Bike,38.218633111086795,5,Meat-based,3.944853323340336,949.6853073373281,130.05939481470153,2640.668351850753,2.5632249884422587,3.3971454383608437,None,2737.3229577186153
Car,13.2523214162502,3,Vegan,4.270749557679028,402.35153804104044,65.80114593244657,2914.8047588097224,92.47474758643617,9.359551537286034,Electric,1868.9736817844287
Walk,1.0472480515456406,3,Meat-based,13.521860683291536,604.6250332381121,78.29085415889423,3970.1122167687,85.18368088189332,1.6474103836327192,Petrol,2802.2197949797405
Bike,4.108583373821367,4,Meat-based,8.100021971750968,185.550883149308,52.4225944033593,3475.6938781929116,52.425792790383554,0.421504169629342,Hybrid,1975.6093222700952
Public Transport,48.39300174225152,1,Meat-based,18.630888142130402,280.42214298972306,68.60880115860203,2342.052143970767,22.894233613944525,4.540553226095492,Petrol,2053.7635050211065
Public Transport,14.772238873871013,2,Meat-based,1.7801946979201766,472.1191900391441,82.14008011730863,4529.357200373985,12.162289068009425,8.012099002436289,Petrol,2621.962437206056
Car,38.46115739190668,2,Meat-based,10.230512816189862,285.58244431160097,144.08321381846858,1231.5518089856537,36.33924794321266,7.716681063107458,Petrol,1995.10779166585
Car,31.23317844271319,2,Meat-based,18.370430608862424,888.9044417098459,102.30723884695836,4979.824018656462,25.54282810460905,9.195306289128325,Petrol,3845.114219994117
Car,19.096981982644795,2,Meat-based,18.082273209590102,242.45763045318827,188.7130434313954,1034.8366031430674,50.66912010062987,5.332006643690402,Petrol,2237.3599961602754
Bike,10.284363109777756,3,Meat-based,3.1305842683148244,510.09473939778275,8.376078767755102,567.2748699690751,96.6409296123429,1.0006467156653331,Diesel,870.5157672800066
Car,6.069320907970321,3,Meat-based,7.332754001929129,645.1293164138881,100.61366452640563,4505.085055169441,57.49534932296414,5.886889743360161,None,3009.9066910314914
Car,30.75064840194333,2,Meat-based,12.382428000933924,722.67751734476,116.84495776634363,1602.2907876468023,88.99310558900979,7.783956143532116,Petrol,2401.907640667936
Car,38.7316890318894,3,Meat-based,3.1878976954280436,444.76243275385605,184.03939721485477,3783.648323510244,65.08788374957773,0.933281202698264,Petrol,3029.2312670082606
Public Transport,32.19521267705653,1,Meat-based,19.360443440914775,882.1891618522557,9.831704724285517,4149.569187194312,47.52465265872004,1.7265740109758976,Petrol,2911.6937749654157
Walk,26.515106662457917,3,Meat-based,18.294986574553207,611.487235970133,114.69991698704321,4365.438759644526,85.46075627333713,0.12290661155670901,None,3263.7570589018906
Car,2.0975611715818134,5,Vegetarian,3.3390035806893836,495.5570024027966,170.7259857055914,4962.17406048875,47.13681101729975,5.936525794468103,Diesel,3257.826019472118
Car,48.42443887971919,0,Vegan,2.4231092252197084,160.51657064683297,48.385545623847314,1823.1786951799959,86.8628170510361,8.867343919459044,Petrol,1297.8134575470447
Public Transport,39.93570958272873,1,Vegan,1.708169656165306,518.2205216006485,175.2584697047875,3696.0950386726663,29.157676957576527,6.706633160020995,Hybrid,2801.31967765934
Public Transport,14.641101835048238,2,Meat-based,18.188873280732622,838.6622567341573,3.8086818548583645,1019.299362263727,12.881307376298812,9.82040087590982,Petrol,1773.3250108732175
Car,48.99851646794253,0,Vegetarian,3.8724761959092158,653.0869163991839,146.49092582674595,2330.6418111058224,85.53144643629383,0.6303365249976156,Petrol,2408.309324700018
Public Transport,30.094079481816106,2,Vegetarian,8.325698570887095,848.9462083562065,186.6226442337306,4315.872619906657,58.74151637926668,9.030010851514962,None,3416.7085445279404
Car,29.121132910362324,0,Meat-based,8.977027313040061,544.610503539375,131.43953232801243,2154.4612072659875,88.90923982489602,8.140682873866806,None,2251.2266768351783
Car,37.4036589714766,2,Vegetarian,11.98022088427135,206.61553458503366,87.80584879608959,3159.929212410263,93.78272069923833,3.142415204995049,Hybrid,1898.2544237852487
Public Transport,40.58848940450688,1,Meat-based,1.4347068749484992,112.27586125229297,8.976203294543605,2766.9804967608534,5.3628390371449175,9.735265518372518,Diesel,1296.0771846068305
Public Transport,32.823930366575134,3,Vegetarian,4.5351723480103185,372.8975920467321,184.02276266452574,3406.781890004203,50.09693018588683,2.87937748171415,Petrol,2631.895444114019
Walk,6.404787318310001,2,Meat-based,18.62980773837852,728.1914243480132,94.05924453831496,4878.024752244627,37.49645490745293,8.893047238282184,Petrol,3484.8644819593496
Car,16.91337529972492,5,Meat-based,18.16820214537139,811.2339135475244,5.799348867189602,750.8098692563095,62.585839707011715,8.807485770741895,None,1700.4420150776682
Public Transport,46.404182016302485,3,Meat-based,15.625812948113843,366.17755115829647,137.9642142657524,3082.8268287573337,79.35911972023236,7.576576166029724,Diesel,2728.902577531502
Public Transport,11.230780592192597,1,Meat-based,0.3880249123643087,546.0885287949225,96.36745071525164,4383.629506626281,28.059021597436896,5.6347047381285185,Petrol,2636.881221627018
Car,18.608351191875666,1,Meat-based,6.540135369922043,479.00701399067344,24.869063488482148,2666.222202867924,55.679838437317166,1.2000274961688806,Petrol,1793.6266269801972
Public Transport,21.6038441472098,3,Vegetarian,12.559174706858157,469.47050591628505,42.85436186205192,853.3723367370776,70.87285799048996,5.319717344964983,None,1079.8734700138039
Car,21.970249484722608,0,Vegan,5.503804235469514,308.2138418801354,12.898136091169254,3022.427085875469,13.443108283573402,3.567962556549346,Diesel,1512.8263857263098
Walk,30.646979124726276,0,Vegan,18.191733901075548,222.73399452651253,114.85870794171471,1994.332508707192,81.40669059512669,7.9221703315535175,Petrol,1556.691140683552
Car,47.15379188723538,1,Meat-based,12.677789236648838,277.0197024080918,124.40589585040185,1197.2380340207114,60.610959985297306,7.581292064968449,Petrol,1952.9698027716768
Public Transport,12.034635591625248,1,Meat-based,1.438134346328912,149.79914844701148,101.14845967108887,4320.655309775629,94.95374371136518,9.106125073726052,Petrol,2317.3705102998347
Car,6.075068815045903,2,Meat-based,18.18011177671406,278.3176676412194,163.42042660052297,2847.1978084600473,33.95289191306933,0.14830162431707872,None,2664.3815464940735
Walk,9.873524492996866,4,Vegan,19.15533316352445,108.28080786284151,172.2017642616027,4699.7438557058,10.814594233719866,8.091032168230461,Diesel,2793.433003778926
Public Transport,44.34624501046348,2,Meat-based,1.5542483678345098,664.5325605723805,123.12487933662533,4127.074270713811,50.65012010369253,9.384620531246687,Petrol,2906.9926681781176
Public Transport,32.2905406327603,6,Meat-based,10.647204697226298,384.7378666489146,2.551295941486109,3618.373071981503,8.581077170943885,7.893004491081501,Diesel,2145.834954978917
Car,14.295339461958006,1,Meat-based,6.067285644283409,975.8302402842178,139.04593114954713,522.6147651439037,96.95265233240067,1.301944598703667,None,2014.0994285802144
Public Transport,40.797346948430864,2,Meat-based,7.856781529628048,274.3453456986681,83.59984338407031,2425.2055548721246,3.8684958257191537,0.8127910484088774,Petrol,1855.0436649029882
Car,43.0684998181718,1,Vegetarian,3.593024359106838,411.2457132786345,113.1114966452774,1388.6882674341455,75.3503901107308,0.2084523980770081,Petrol,1668.7895739071007
Bike,42.3257169345139,3,Meat-based,11.56144204024825,422.0570427773799,129.8161204037769,4598.590599719905,52.510239814224406,6.287452258280711,Diesel,3105.447425214088
Car,45.94632668197772,3,Meat-based,19.159587064977813,107.60634645621448,70.04732286541535,1285.6279310436212,36.862065249828866,6.296726518598873,Diesel,1719.6311503552583
Car,12.612051008668079,2,Vegetarian,10.06145200543218,855.287157735513,183.41970103435884,1787.2702324667848,6.5842164508654655,9.869137142182122,None,2501.9304419537816
Car,37.75209643731392,4,Vegetarian,1.6582916278896231,128.79501412989225,26.79497334995624,2825.765454805246,62.216692417360775,3.9804317410409573,None,1363.96448291568
Public Transport,23.026974863707,2,Meat-based,12.400026669548168,946.1618512563173,134.30236145620748,1685.1362854913566,58.522032939095524,3.3190628489749674,Petrol,2597.8321977495416
Public Transport,42.099927644503076,3,Meat-based,6.804459889025141,902.8669159842586,0.8719159913160857,1444.3910477560453,28.088327306759975,6.244249271843925,Hybrid,1680.4804411458144
Car,36.42453385808066,2,Meat-based,17.118503791825958,581.9697244773672,184.93022108103617,3195.946962962386,91.02217014103121,8.256086725075939,None,3194.5960001564877
Bike,38.82237232498623,2,Vegetarian,8.693562966329404,589.2360174201629,22.5008266476183,900.1828523976073,30.41100073428369,9.367739495230019,Petrol,1084.9261370859422
Public Transport,32.808091884053574,1,Meat-based,3.856792178844912,688.4001306605408,18.976846029514927,761.7549142441612,44.97254105921061,8.031241661790386,Diesel,1220.1460028970926
Public Transport,8.871438473485343,3,Meat-based,3.822112453822899,448.34501074139826,66.60152661044884,2175.1038283373214,54.37624559186557,4.266739806158047,Diesel,1737.536466854068
Public Transport,27.251345944846918,3,Meat-based,15.375283614423207,682.50005505807,74.71325720781611,3742.9900452853803,10.02318781762861,6.349142353120642,Diesel,2896.007761750866
Public Transport,49.23348697622541,2,Meat-based,5.311751966147198,140.2915498196382,42.86001446457573,2996.630412232766,93.21617192136323,8.56299326716117,Petrol,1700.8171587795066
Public Transport,46.869403324855945,0,Vegetarian,15.34466788318446,148.6428646147539,117.02433218542494,2402.9441081005048,37.45361524510411,4.906096883117394,None,1678.8282110950693
Car,2.1586867898505835,1,Meat-based,4.117746215331987,511.5073776575899,88.58281960839271,3045.8820390106207,8.077921387434362,2.166866437053927,None,2166.6743804869266
Car,8.240740786471857,1,Meat-based,6.433727374026188,594.6600709954314,6.8351178082174835,2144.531680939731,38.72911736753299,1.6972343974787296,Diesel,1580.1008783036687
Bike,6.586438672728096,5,Meat-based,9.309739448793987,899.035876302237,63.93041245106013,4712.658509444508,60.02025470925807,0.0015774457805672881,Petrol,3177.523118033628
Walk,36.29899549926478,1,Meat-based,18.863916993869015,194.19457051710663,162.0865827146341,747.0720090984845,51.36526718213295,7.182379949812843,Hybrid,1882.4526467235557
Car,40.889266492847256,3,Meat-based,18.63462849507649,840.3831344745004,137.94030697237372,3530.261655634258,69.4541974037274,1.110972088459905,Hybrid,3401.5905415439697
Car,10.675568315533596,2,Meat-based,4.137437508445756,289.0426035628626,144.9741707159761,4510.771991724878,5.5483942067910625,2.438390996959404,Petrol,2837.366968871454
Public Transport,25.29263464759145,3,Meat-based,7.164380824861456,454.67528365902865,139.62338481670471,4117.481189308641,28.45406102720561,2.9787633152279334,Petrol,2909.9356313815515
Public Transport,42.03515140056,4,Meat-based,2.9879877690754464,384.94219134467164,62.194604276606654,1328.1846566965103,81.92305768401023,5.603798601367683,None,1398.5861297446297
Car,36.64007723831253,3,Meat-based,10.199701586269942,460.1397455788591,19.932784415355176,1831.6685704112977,7.989368779136086,3.9795727729576926,None,1547.302007770867
Car,27.111860274592413,3,Meat-based,9.21165101389333,235.445948265327,54.4934368066192,3726.7157241819714,85.54859546959575,6.746739920231618,Diesel,2265.8086457131476
Public Transport,29.517384522938645,2,Meat-based,18.015203249014647,553.2130669631995,166.35706003703186,879.2175163134449,9.189609207710625,0.5563865932870271,Diesel,2273.5455158073296
Public Transport,25.418027345813996,3,Meat-based,18.600107555821452,821.4783308482306,196.09415955661422,4153.377649246628,83.44542148916962,1.2393919426443945,Petrol,3852.429514623098
Car,14.877422565941028,2,Vegetarian,7.671347820145842,497.38060934100724,98.76940294831226,3735.0812507215564,36.078840107872665,4.992115035332667,None,2372.224708597096
Car,28.251099642950805,2,Meat-based,9.83475886037979,541.5522183083792,1.940070984608444,3783.2299215590415,61.22090632572158,3.369647878468298,Petrol,2286.084753189955
Car,34.44426510250453,5,Vegetarian,17.924724982922662,863.8908267531829,28.008962426845805,951.0861662041613,15.288711564799817,2.958133627513597,Hybrid,1480.9316701866971
Public Transport,43.666145793040386,4,Meat-based,16.13415615490123,735.4523031742277,64.41611506325316,3729.9224516730387,6.616872172518084,0.6702807903752273,Petrol,2901.9297037734163
Car,31.814567698962403,1,Vegetarian,0.07312622689298554,541.4089676678062,115.71706971858995,3559.181563489865,21.59382040201351,8.957191747480014,None,2442.541528133373
Car,38.0560768521579,2,Meat-based,6.4011912836716505,331.9260833702617,15.018729161062794,4239.1512086983275,12.785381790869554,6.918185861250508,None,2139.136434545466
Bike,8.00358174772865,3,Meat-based,8.435484838722518,896.43407216047,188.67145974197632,687.1818031541128,31.24058976796318,1.2161815681964938,Electric,2373.2366214938456
Car,23.077873720989494,2,Meat-based,4.594325673664635,619.3183615215025,73.01673465688015,603.9980081050649,51.43832465110202,0.6504595773714061,None,1346.0664146537442
Public Transport,0.4665809913546648,2,Meat-based,3.991432317918775,299.03284909962406,182.51684358496462,2178.5319494535233,58.875946356500954,9.74872533431243,Petrol,2227.5743572899787
Car,12.333943226081152,0,Vegetarian,0.7556901319135934,342.2077773742093,156.10436055140434,1169.547277321188,78.9868107379743,6.811725504395048,Electric,1610.9327214105294
Car,36.32308575565024,3,Meat-based,12.86739450139521,822.8197800426213,151.08745450311622,3012.730149065999,65.62398932483586,4.174560710937415,None,3055.219651898078
Car,49.59049756746817,2,Vegan,5.2502058096633135,139.7310058787099,121.34391595644641,4628.07005678037,60.8758325129553,7.017310407557849,None,2477.057089443781
Public Transport,4.9589049793607956,3,Meat-based,1.0469435686262618,992.882968325938,125.35676341036893,2261.6587865030706,41.17820274857746,7.563317864801591,Diesel,2521.938835160352
Bike,20.074715793064414,2,Meat-based,4.619586210561273,217.31651174331262,127.60064704324962,4302.276697726718,47.38084349601387,7.799622023887793,Diesel,2607.5072498858626
Bike,40.00354843495798,3,Meat-based,16.03827905672253,816.4616728572437,125.74427740511642,501.08393533039913,41.45208293901811,4.778773056530577,None,2127.8525737193477
Car,10.201781731444942,2,Vegetarian,17.029783632930933,455.2977850945146,110.74564627967224,1258.315895566329,84.21660300613831,4.29882758124848,None,1519.7699212295097
Public Transport,27.75424746511431,2,Vegetarian,9.661324903866053,542.9945649587202,197.2828036965778,636.9059284433853,23.000045254839986,0.1102808426890034,None,1850.2582925046
Car,36.65356480148374,2,Meat-based,8.321413408173724,892.58551971812,146.45811348513922,1976.6623123178088,0.5720931541964625,9.26557115141838,Diesel,2759.7915812860124
Car,30.79927251300895,3,Meat-based,19.557073870035634,471.62007063029193,155.38927767850424,4586.853180634263,65.13198972262393,6.03307878388943,None,3500.9265455263944
Bike,9.401236730770806,2,Meat-based,4.011293191761398,583.744378305911,174.49256301673483,936.2845561954448,20.246218363883138,2.0315393718996813,None,1959.6354407406457
Car,17.769228434286973,1,Meat-based,4.30718565709217,144.36969616825294,43.12795254516983,3228.8439953471016,89.01151363098093,9.196034194214366,Hybrid,1724.5899784971973
Car,39.18958922426986,1,Meat-based,5.8373435407279946,102.11272648070783,16.760831819012157,2531.731726037499,85.9046329706656,9.149319017702965,None,1305.984206852301
Car,27.71132570660083,3,Vegan,3.4551463656217463,320.3198857015533,96.57888731971973,4723.106955646156,7.672737192820589,9.891841643660959,Petrol,2702.985555814002
Car,0.26148067714563683,0,Meat-based,7.587311964083732,712.5247836268906,102.81613912385464,1051.3361414169221,10.638840541407735,8.740565631389789,Petrol,1845.835109538955
Car,38.04953800140469,0,Meat-based,18.216684539795075,209.13840402322302,165.83635598998353,1454.1253272600302,49.51715922466663,9.977843878200648,Diesel,2280.981899837283
Public Transport,1.7655677470119535,3,Vegetarian,12.306956812571485,202.38576292409448,88.75671585646714,632.9388587517197,60.92226627693547,2.446861881232726,Hybrid,964.0194343389609
Public Transport,37.286689136561606,2,Meat-based,8.238930972245273,469.86454723231293,114.17060510886255,2452.708623341182,27.490833748224077,8.422495851992341,Diesel,2263.6281874004094
Bike,10.12402800826187,2,Vegetarian,18.688215891424296,683.0533347474038,105.41418770269166,1750.2480480409442,71.67977166993707,8.230283087957645,None,1902.367964625453
Bike,47.90367400596901,0,Meat-based,0.9692846495164464,740.8647930231374,7.640556751478211,4414.576702506444,59.49160209188715,2.3094035922073375,Petrol,2311.9833592903537
Car,18.397037565104224,2,Vegetarian,4.205523558037227,260.6056066885373,123.0429793193828,3222.2336593898976,32.48241097485547,0.9843754900099078,Petrol,2159.580886929613
Car,16.346580816903955,1,Meat-based,11.31777210203518,171.6293326348382,165.60865715485045,3263.4083208906577,2.5371488042315593,9.794205136775997,None,2580.608908206061
Car,7.444402516622234,2,Vegetarian,12.311052463863582,946.3573305509898,31.500109615160767,2893.598135965861,75.01502812985177,2.9602455152061036,Petrol,2148.6699602378903
Public Transport,15.280210774510744,3,Meat-based,0.7911501312522629,334.5997443058916,118.86634678531915,913.3265175314045,21.475366582508272,8.70891790467806,Petrol,1425.3338442027973
Car,43.83253809141003,1,Meat-based,8.060775158142643,868.0118478478514,118.72210888928288,2502.5840767640984,83.44737434626283,0.041271546746038945,Petrol,2731.603896613745
Public Transport,49.81671688136237,5,Meat-based,12.983079296617454,877.1423054165365,32.83699281127175,4997.773353688324,42.02902600542552,0.21024807219602204,Diesel,3244.758277623204
Public Transport,18.415476525342417,1,Meat-based,13.961410928068032,795.27033258629,24.692714746147203,4258.531808807067,57.707744263176544,4.658713086963684,Diesel,2810.3656980204914
Public Transport,22.430531547727128,2,Meat-based,12.762798050325387,251.95024598731308,196.01038859529694,4520.565743752022,87.29487304090019,2.3871468393506357,None,3280.589965341324
Public Transport,36.10354691013685,2,Vegan,6.4112644872184905,839.6213133287803,78.74383393060751,4204.518616609248,86.36230009199534,6.898412834359643,Petrol,2780.097479787496
Car,44.30978902325373,1,Vegetarian,1.8704024719581902,792.325503317428,45.484345744705855,963.6876204394221,37.15195752435733,5.655643255679543,None,1372.6437788178114
Walk,29.652216709339207,3,Vegetarian,8.542248928386682,637.0506910955954,34.26490889087499,1523.5171432915984,20.888889271484313,0.7748579745049144,Diesel,1378.3148079825717
Bike,19.576284908891466,1,Meat-based,2.5750887473611095,403.48183165205745,133.520342716647,514.0474311038433,77.51460777285946,1.6262829631571707,Petrol,1368.1782062929547
Car,20.631092042431188,1,Meat-based,18.95247317041334,336.2577438398897,121.88905946545576,1865.7955619515017,43.30802036021312,3.880492700584143,Diesel,2248.31195158109
Bike,34.78090732484034,1,Meat-based,9.503417320452565,209.70029087232308,128.7104245974835,988.7333105592165,19.204199355900407,1.8560406395543316,None,1521.0640741366788
Public Transport,0.16091318021393408,1,Meat-based,6.345183487137351,558.7813602107842,17.60120550229045,2627.5700538571236,90.44253423171502,7.922223472439286,Diesel,1774.7630602976703
Bike,30.979466872992035,4,Vegetarian,15.326081422378001,626.7347879588618,178.70691669968738,3547.073698582559,19.810419424108737,4.1607023555328,Hybrid,2892.485522245586
Bike,17.77465052206787,0,Vegetarian,9.958971851645277,423.4050914642085,77.85327936180965,4435.273827671346,2.580716819123108,0.9343186684249927,Petrol,2376.6534264483266
Public Transport,39.70986656385421,1,Vegetarian,6.200680480249002,527.8231609127818,62.673881286071584,3871.4772429090417,2.0279973767419968,4.843429022721248,Petrol,2279.592834564623
Car,4.649531991156608,1,Meat-based,16.239354847816035,427.16301163234004,92.47228944954784,4723.635181003274,62.231535645426426,0.9083818106141417,Petrol,3032.994606759323
Car,29.410113347419525,1,Vegetarian,17.34304302002244,676.9054515886311,78.01321314952565,742.5423067720496,66.16750607175304,1.2893730541981718,Diesel,1435.1142813802253
Public Transport,24.04864449430619,1,Vegan,13.46016332577354,911.1332870169069,172.71540062782918,554.8092593744365,31.10417050569839,2.3960983202820527,Electric,2008.8921226710543
Public Transport,32.11627629526137,1,Meat-based,0.9392884481533459,247.52823584225038,185.85219503957842,3476.021512262957,32.00109892470634,8.595277052474898,None,2572.8980411826496
Car,3.2426797241484175,0,Meat-based,11.326457603330642,443.2679289128111,60.69064328992124,1802.085846000108,33.94939150599428,9.24612532332972,Petrol,1744.7972602547293
Car,28.999189371406565,3,Vegetarian,15.265898239945631,226.78174355577517,172.78716149199096,1640.754572475979,68.01585467588787,8.26257729332069,Petrol,1944.0532165056886
Bike,28.074229397976186,0,Vegetarian,2.7300602416716435,662.4493933670489,156.30462590661344,1988.9918946220741,5.813379102682859,3.3407721741784724,Diesel,2166.167150582526
Walk,28.033004720808545,3,Vegan,4.573415027692067,755.9834585397361,186.16153446895237,1714.0822605156386,92.91163526913256,2.7244644110883165,Petrol,2359.3245625495992
Public Transport,30.17438332982274,1,Meat-based,17.649902101362727,938.7214593377103,49.15006243717757,2801.4638283571426,22.252104417744643,5.491556907902392,None,2677.2830192300653
Car,33.82339686131811,6,Meat-based,0.40243443706148074,350.9847336348684,115.39183002419581,2480.668012508596,99.96732052420923,7.2185316053311235,Hybrid,2056.7489214174075
Car,40.249449984038485,1,Vegetarian,15.05454275651952,955.1900852788872,54.90891694808893,2805.9284811949533,17.1522693787187,9.933727881601747,Petrol,2420.084938576885
Car,13.491036006410717,2,Vegetarian,9.475465850288458,156.9364046386073,164.81889809687485,3527.2112517519627,77.15464573123775,1.3157071187892622,None,2307.651314036304
Walk,41.2524705090031,1,Meat-based,8.935443176792138,642.7124770281293,1.0648381142128516,2242.0872903701675,22.341254492962502,0.49291999023804434,Diesel,1659.4722481488989
Car,24.91278411317268,1,Meat-based,0.1419306498977435,151.41944740899697,112.96383257727922,1630.8845921397055,8.084680164325398,6.94355888995271,Petrol,1495.713015995425
Public Transport,3.8529139567165585,4,Vegan,16.387964619329857,904.3967689857503,67.8406862543836,1247.9024156393546,87.49333243506489,8.322257835039055,Petrol,1765.4403096524682
Car,2.92754646219896,1,Meat-based,7.196498012731329,576.8281513630486,64.53674141556405,2072.633537896815,85.87512591908919,8.463487798664232,None,1871.640876717773
Public Transport,16.71191593480304,2,Vegetarian,10.815312626010858,702.4135156865165,128.9812647729834,3838.129138607774,40.357039244960134,6.784635490771606,None,2785.4470990328646
Public Transport,39.24484885557338,3,Meat-based,13.546013726713188,848.4165333194073,170.2968898627988,3905.172095501613,70.23961425404268,9.540158041191871,None,3585.3882620474465
Bike,35.384046737045786,0,Meat-based,14.052591528758317,235.2795602355719,121.83907827866524,3501.0742400789463,55.706593268391714,5.110047635445869,Petrol,2505.0373090060043
Car,39.43074823362032,1,Meat-based,19.119601176521446,134.73240574432046,170.63459572934448,1553.1267888809357,85.29561136737487,9.138147983362124,None,2172.0506706491906
Car,25.86345282208047,1,Meat-based,10.626799064732182,890.993031321567,52.91942237620599,3146.3881063461395,31.505596931865444,9.67812136991523,Electric,2609.792282989344
Car,22.00994989777453,1,Meat-based,7.9943910194885515,383.43990471303925,103.90037095299623,3068.103477095816,52.367239999898516,8.471574570031077,Electric,2299.281931950772
Walk,7.372626335314197,3,Meat-based,19.074072529834158,216.08101713444876,90.1073078134152,2679.1978914937645,48.537237120455046,3.097585632586206,None,2221.6499518655514
Bike,16.40963768046558,1,Meat-based,12.842204700510422,521.6151133783778,2.3289799006192435,2974.905438727389,35.39058262568587,1.9621565117029527,Petrol,1922.653822056142
Public Transport,21.700968308693763,2,Meat-based,5.963007125531112,638.4754681264169,111.36242862814802,2713.0578468065064,89.14550645563722,5.4812006498181844,Hybrid,2387.2283827516903
Public Transport,4.430021483980862,3,Meat-based,2.529284908071423,127.87354308025911,132.304864829235,3044.553647333487,16.587792466253546,4.530147503801885,Petrol,2058.2682563286626
Public Transport,11.030597635560563,1,Meat-based,16.851090029303627,347.40609243137897,118.38288088381401,3719.7767957950796,14.950863952069614,8.77758342192733,Petrol,2803.205975416352
Car,29.91126470318694,2,Vegan,7.243632055883031,129.51988684920642,147.2559797566843,993.3268748154788,57.69095353227514,1.0003167106715372,None,1290.242233372217
Walk,36.783155711959495,3,Meat-based,13.209394427288624,478.30185027594905,114.26790569061542,3873.315884670607,65.7494229984942,2.577400613115186,Diesel,2842.8512581458585
Public Transport,49.91737556964748,1,Meat-based,9.416328387317963,905.5900261596199,13.350050970151383,1111.4876755741739,19.461925432456518,7.5179894451870855,Petrol,1676.1266523978877
Car,46.65566656717788,2,Meat-based,3.978595595900767,984.3871703442122,23.289104816942285,799.8259928466862,39.07174422546241,0.9498664497731213,Diesel,1640.0961704946944
Public Transport,32.12825997675958,3,Vegetarian,12.033732172409302,673.3427981532648,119.29491550879048,4892.358587996604,94.65638429787437,3.2076441402170017,None,3086.2005804653954
Car,21.0624026647036,2,Meat-based,1.2136613790136463,245.47392440613262,54.99583839472804,4806.462959916987,24.6617422690674,3.8715539405398314,None,2309.4378169867573
Car,31.808868235411637,0,Meat-based,8.266849197423845,915.2644509993752,15.929025806953167,771.9644522325382,66.83607021173941,6.225937965626899,Petrol,1601.1111949684403
Public Transport,39.282580904011596,3,Vegetarian,10.932298793273421,564.6230408800544,85.92054868970935,2494.6404866373296,74.01493936975908,1.5813264571936458,None,1966.1938748160853
Car,5.916809546169366,2,Meat-based,8.72093948237158,238.37438089262628,110.86451961673107,1338.1022223489863,44.81286994651595,8.606044903497095,None,1619.4770263294686
Public Transport,20.495244484814414,2,Vegan,14.973443505019816,929.5540025064952,65.74919766992132,2684.0520371048815,93.7525986759583,4.475422354662743,Hybrid,2229.8308320760884
Car,41.99011428178086,0,Vegetarian,16.55849909090625,781.7221456507928,144.08674044515558,4235.797593498143,73.66567352187904,9.170217118805565,Electric,3070.4201825448918
Car,19.1916475966522,1,Meat-based,15.42486148066356,758.5347454508365,128.75412162024892,4777.752986343006,45.79245798608979,4.678699136339316,Petrol,3612.544093040189
Car,28.593613561359327,0,Meat-based,0.7762589562360422,738.2626334149642,66.56367221833439,3354.1369405319183,56.933520177609395,2.750402589407334,None,2250.1712265028336
Car,29.38846804310991,1,Meat-based,3.882575408919444,280.3058389867981,150.9745057817121,2092.575502453177,69.26134434251007,1.4182882868767488,Petrol,2054.651520953538
Public Transport,9.223812656681968,1,Vegan,10.732150185275486,289.90602253677343,129.7390085066071,3214.965045400693,59.219018042921824,0.03745094711284813,Diesel,2107.1174473837755
Car,18.11177208261442,2,Meat-based,18.696440808876027,719.4636985845295,127.48907574358041,1904.0058774880265,87.86975838260759,5.321574849848356,Hybrid,2626.3081974706174
Public Transport,16.725564437096608,3,Vegan,16.69913550104234,297.75047509935723,110.68554015741361,4594.206383744271,35.68886622804012,1.0715669692692342,None,2556.000257140691
Public Transport,1.3098354266032397,3,Vegetarian,16.850690167036035,494.804527122744,2.277933617710559,4416.802083976267,29.988574005580492,3.9172776363117823,Petrol,2111.18365634306
Public Transport,1.2095881945677622,2,Vegan,6.064163875193498,803.8016430345473,139.30143669537782,3012.0428762584743,21.38388894952643,5.892717612370867,None,2615.308667081405
Walk,41.584852183788676,2,Meat-based,8.588957941574051,805.5572662880569,75.20835822183129,1961.5951192116224,3.7782968064595135,2.756858969027003,None,2131.3811844393326
Public Transport,13.65354049864062,4,Meat-based,9.414118946318748,507.9355952732737,188.52194203173113,1820.2535401234027,4.301396438005534,1.7522429236611525,Electric,2479.3509149415995
Car,25.90393831194077,1,Meat-based,3.1474316669982083,812.9709444477206,163.59695421544106,650.3809761727675,87.00551931092828,7.747216226093416,Petrol,2110.934530343918
Car,14.936278679438653,3,Meat-based,0.6213626048891263,854.7596165782511,117.53889390626244,4171.193829613829,67.83931464059073,9.467911722816206,Electric,3029.857185774662
Car,47.03396225576702,3,Vegan,18.938057989210336,689.2981761558342,50.43639636385389,2526.724458675536,66.05324154364861,1.00440417861966,None,1852.4547886591424
Public Transport,12.964837943288687,4,Meat-based,4.814251713270135,305.58326707757817,40.743478655533316,1963.0981778011899,61.464281893488604,1.5559032438500786,Diesel,1426.7570428734575
Car,21.482840636946754,2,Meat-based,4.798978074472626,346.6106023469928,68.07696753550982,2619.9965974898923,84.92191446941048,9.600126572527186,Hybrid,1878.1109733184373
Public Transport,43.63651252423009,4,Meat-based,1.6675810753751907,383.35703986786183,95.31358871600371,4184.320957045934,48.026692566562744,0.37784221812246277,Hybrid,2505.4746805141926
Public Transport,42.09667833959043,3,Vegan,18.57015503887557,205.1236969605568,59.213102007789416,1060.7639346838455,87.04108285583003,9.776323365504723,Petrol,1033.8309694026316
Car,9.305070892313866,2,Meat-based,11.59474229879544,345.8436583329506,102.98589907849656,4359.451947088222,35.944502618223915,0.04644483084988771,None,2752.208218441657
Bike,40.13216548978552,3,Meat-based,13.340737142507077,288.5673018812789,33.074085102637184,4538.7897579875935,92.67075043390905,8.736686556513312,Diesel,2513.6318262075947
Car,22.909344336894634,2,Meat-based,18.23153774526105,509.79587482774195,195.54256256509998,4760.185617652497,69.86569800812401,3.0732518098774952,None,3730.145202472427
Car,24.14844360426776,2,Meat-based,6.9124033780157905,917.5937930850384,21.584910992998772,2288.695965901825,25.71771360244273,9.385888581772965,Petrol,2159.5079243954233
Public Transport,6.673998620797189,4,Vegetarian,12.430146222761682,194.03228507856227,186.3888279308744,1477.1318181695233,56.40849216886251,3.1694528863558546,Electric,1800.47332502598
Public Transport,4.0300756878562325,4,Meat-based,0.7759890945777492,748.241131552656,182.71560228053897,2181.3836831001436,53.303056148825554,6.54306321534056,None,2577.9801856809077
Public Transport,36.39696534868826,1,Vegetarian,3.7354505646225866,718.554703971815,105.0720963638996,1998.1044330413147,13.789882173033396,0.8003256976593665,Electric,1994.0444171490813
Public Transport,24.823057617764988,1,Meat-based,16.62491610179885,186.1787787970219,144.98205436721688,1292.6926062628704,59.12429057506141,2.42329811453739,None,1906.6766996108256
Car,21.84253513075898,0,Meat-based,15.335367126766714,930.31516441522,87.20965959451756,3232.700015456696,31.478562371695794,7.736793464792507,Petrol,3017.4268202699895
Bike,36.475411432619836,3,Vegetarian,7.012853829142937,611.6249819411377,126.00691550848764,2644.80872228883,5.234876680960243,5.286858536788197,Electric,2265.144318761352
Bike,38.275644949555485,1,Meat-based,7.53621255548425,427.3529690221158,68.11518748422374,4395.654465458017,94.86561577065649,9.279690617870447,Diesel,2578.9059455290494
Public Transport,7.945408383467678,6,Meat-based,10.671088671071589,780.884725145776,60.23180395708907,644.4931121692621,64.14903690642878,4.287514083413543,None,1721.001484847536
Car,30.511257473882065,1,Vegan,0.004820093702690986,331.62891256147066,115.64595723390273,3397.4056739980683,87.6918931870847,8.698123658139231,None,2178.238854823299
Public Transport,6.767704113884276,1,Meat-based,4.824886720760557,724.1588533416883,99.62593483679608,3933.269953302025,67.60560050132531,4.489554374782375,Petrol,2763.2042724237162
Car,37.56875430145229,3,Vegetarian,4.164636172164289,135.7400868150225,115.90727382999621,3917.6895613473816,35.698369214011294,9.792482787019853,Petrol,2404.4406141616987
Car,32.84775781335698,3,Meat-based,5.009658934995269,855.4672338483448,57.3321162574046,4487.332851929863,51.268807232881144,9.598343813988768,Diesel,3048.056039314642
Walk,47.8307310541729,0,Meat-based,16.118116850668827,503.3537623191866,73.39156636339905,3780.6518427327233,67.57467603471771,3.2913670555608032,Diesel,2636.6832857391714
Car,3.447900817821059,2,Meat-based,5.593477130928863,673.0236229221475,16.77959212578186,4675.145277414634,96.02523252014376,8.859236704168032,None,2599.7921650688004
Walk,2.8527360575627156,1,Meat-based,3.830426441002963,299.1140378260153,10.455274454441144,1996.9546991940115,25.366945912169648,8.476113742156492,Petrol,1215.8676193352342
Public Transport,14.109353734660008,3,Meat-based,10.085269215860631,709.3663413926032,50.69142593460325,2764.4423753819437,87.49770586241176,2.1068039732756283,None,2254.113171074891
